batch_id,timestamp,elements_count,worker_count,merkle_root,audit_status
1,1787370905.0599692,100,2,56fecccb0c1b6cd450cf2fb54f357fe3602cfb5670b209fe8c82418c54499176,PASS
2,1787370927.3941123,100,2,8a888dcf3bbd65cb652fac4107410a72c3e26c5173b90cc0251f5efa28f35b02,PASS
3,1787371001.3917239,300000,2,01e0a20f8f65a92b12aa2276beaee9ef66cf0a1789384ac8a9736af23de513c9,PASS
4,1787371003.9949684,300000,2,7d00664c548979702aa64c259a65ce0cb4a374cf5bd1f2c71c781f092e4f27ee,PASS
5,1787371006.5888135,300000,2,97a795f757b285de2e11756728f5da9324069b49b18f0e169770503802a6e2a9,PASS
6,1787371009.1941898,300000,2,8dbae7c78fc7eb45cda4c0e9296f126c7b1d2c38ac634385fd76ee6c050a2f38,PASS
7,1787371011.7578506,300000,2,8f57b0e2ea37be27a8eaa5c174c2b3f5f9ee2381e1a44e1a243622d921619532,PASS
8,1787371014.2703846,300000,2,f0100e2f7d84e615635d08d0d22b0c3f438d5923a7782390765621e29274f7ce,PASS
9,1787371016.8680449,300000,2,c34563d923b0a50b759bea6003beb57f63da966f1e0a6fb9338a16f1fc416cb3,PASS
10,1787371019.383494,300000,2,e2583bb9cd959729ab979af1b32f3d1c231c7bc3310f7d705cb548cfc0a97b96,PASS
11,1787371021.925274,300000,2,27a58f7fa4be331e255be24b9960fca0f530b284d6324ddf2c2b5bae54869ad8,PASS
12,1787371024.4744015,300000,2,464ea9584127df12b86e6b0cadbf16ac1e6676120cb921582500cf2418954a4d,PASS
13,1787371027.2521417,300000,2,8ce4f7295011abb0fb1c2d52b67c5d5909d38a654462465258d34f6c741aba32,PASS
14,1787371030.0011468,300000,2,b64023648863d023af973aac1a5eecda88aa295ad66c845755af5dd53a8b27ed,PASS
15,1787371032.7604868,300000,2,761f13e2313a5fe90020e1c75eb9bfa332b352b17c65c1ac6157cc1949aa00f8,PASS
16,1787371035.48488,300000,2,ad3991c4c6de01f02d9c9a2ce0d07b43b2b37f8c694b99334fa0b23e8a915fb3,PASS
17,1787371038.2352862,300000,2,a2230dcb55e1f941417e2d2b1991b5346c93354a85e54fa095486d77cfdac3bc,PASS
18,1787371040.8393953,300000,2,c492f28d0e80c4fccc17501f1f4061d3eeee6ae232d9df6575522892e30aca63,PASS
19,1787371043.418005,300000,2,f463a7bde3f637acb2d3bf7eea4e1909293369983c8df9db74ac49343b355b21,PASS
20,1787371046.0026176,300000,2,df5ff2e3236f75c2bca0a53dcf8aa1af9e5097cae8406b86f4e82790a8d0cd7a,PASS
21,1787371048.5927203,300000,2,cfebe58879d7f0756cf72d2393f15a44d1154b32d256f7f439cd5dc3ccc46044,PASS
22,1787371051.1710966,300000,2,581e11444dbf6c34f2c9ad25d8570e2d45884d57b9d4b3e5b1d233a5c65e8cfc,PASS
23,1787371053.7221272,300000,2,1dc7616abd31e7bb615b95cfac8c54729cb2d588c23ce20eda9c9cca098b24fb,PASS
24,1787371056.3103745,300000,2,f47a4bc0a1c2fcb32688f839ddb4dab027493a40ebc7a70df17a82391d1ba986,PASS
25,1787371058.885635,300000,2,a31c9e653633c264f3a7a75374c116c990b4f927f5805e27dc1de54c9e0dc805,PASS
26,1787371061.435787,300000,2,a990af67e0c9fb429ba6a837eefc3937a709055e8facb6e7e47924f480be2198,PASS
27,1787371064.0488555,300000,2,94d241bafd54aa80d5e27986a52fbeaad85b8bc993f1debff47fbda1423249a0,PASS
28,1787371066.5900826,300000,2,fa93a4379540e79baa3df32e0bc36fb2be5a86c5f9b72f3d31181936ae2190ff,PASS
29,1787371069.1288705,300000,2,d2c74c0f457d3a31320d9bd49bdeea202d5691407ca4b043e1eb0024369e20fe,PASS
30,1787371071.6920376,300000,2,b1dafb00334a01f15fbac6fbbc7b90ef66dde37da23a17600e33fb1fa92f4add,PASS
31,1787371074.2448146,300000,2,7d73067fe76d6ffc24fb409ccfce7f85a99ca64c98fe558f281cae25d509acc1,PASS
32,1787371076.7931573,300000,2,eb15dc594323dbf0fec1427f569a17563d7aa7988f2be72176204623c4be2ee7,PASS
33,1787371079.3346632,300000,2,0983f3b3b8248dc8957a8e3cae70f3a81c53bb52ceb725a6faf228318db47890,PASS
34,1787371081.8671637,300000,2,ecfff798d5d1352106d83c75d33625c8b2d75d28714d63d64fa424fd88f6c53d,PASS
35,1787371084.4578547,300000,2,40523149142ae50452fb74a92510962cd50e0814c9674136ff3c6882e4bb958b,PASS
36,1787371087.1657088,300000,2,99953e10b26aab3dc15319ec1811e1fe309eb0f37f59a22aba3837f8cfa3423e,PASS
37,1787371089.9120336,300000,2,ad7b64534f71530b50fe685976c88745ffa56d6fe05b3a16f8d4c8d999cc48c9,PASS
38,1787371092.670214,300000,2,850a265d28e0b54c72559af87fcafa13d76b4a53d68c3b36745a8f42a336e962,PASS
39,1787371095.4003236,300000,2,cef7239549a237c41ddb1b5a4896844f0cd8a9f92ee7152aff15ac0951cc6f7d,PASS
40,1787371098.1660938,300000,2,c66d589f5f33df5029d7fc5d6e77f7cdd9675e7e5231a3aa85fa63e7e1ac0bc1,PASS
41,1787371100.875565,300000,2,a607c42bda0d8cc5904ed348facba80f843d86417fc62a7f329f0ed510cd89e1,PASS
42,1787371103.4984477,300000,2,d44470fefab3024ceeeff0d4315f4ad1d350bd8a20b42915ac7f4fc6f6f1134e,PASS
43,1787371106.0833676,300000,2,5a86e3687b4995ac0510fdb702e15968c8b98074f6310f622d6cc35bd6118c04,PASS
44,1787371728.6722095,300000,2,fe01420c32634cc14c3dcec469e6cb1d3488798d61e4036a30f107e8598df885,PASS
45,1787371731.2589753,300000,2,18d1170a3ac0327c2e319cd686c22fd5f7d504fce2bc2a39a398fda79665f8bb,PASS
46,1787371733.842345,300000,2,073663c30f52ab872707d5863b1aa44e357eda98a12e427a3f3506ae721efdf0,PASS
47,1787371736.4248307,300000,2,dc97e31f617d5f429a4a51b45238a7e3dfa9a2ee72310faece44cbf78f6ddb4c,PASS
48,1787371739.001088,300000,2,c755b0822d98dca099fcbff6f57ea0da52c504f3eac62a952772161863db1603,PASS
49,1787371741.5288084,300000,2,13f0d4949b452c9a7c12c235408875bb3bef26f2311ed8cb68f610b8dd67bb51,PASS
50,1787371744.072555,300000,2,42a8d9551e786eb3aa098b56d3d5283eae5005ab333040655708643632174766,PASS
51,1787371746.6724339,300000,2,0d3a7dc47e69e4d6d226b480eca642f4696384870c59887fb5e3cec7ff7c76e9,PASS
52,1787371749.2294466,300000,2,271acfd2844e51032088a6ed2b8afdfcb943d496762d7fc75ffbecd8d13762e4,PASS
53,1787371751.7801237,300000,2,24c4ebe8c7cd0eb0ee1902daef69a85b7c8b2fef7ec8a3631e637c942889918a,PASS
54,1787371754.3516073,300000,2,930a7a5ab1ea5e31ee91948f72f30f5a6c262a88f92a1ac7204c17be875e27ba,PASS
55,1787371756.898864,300000,2,2e9eb87fd5e663fcc57337add1e92a5dbc747926ece682afd5b2d013cbaf0ef6,PASS
56,1787371759.5787203,300000,2,5fd3b99725f059dd4bd6ffb515115e4c5a10d5ab6708aeaa9eb74345e39b6e11,PASS
57,1787371762.3721864,300000,2,6bbfb72e7887b68132171e2c42ca4f382190c9f1f37c1c343eff579b4fcce4c0,PASS
58,1787371765.1062987,300000,2,ac76de03cbd72e30e4914e841945270a3bc7940b06b23cd28bd67cdf387261be,PASS
59,1787371767.8337092,300000,2,36a7dad34c76225a0ac648eb5cb585b44dd0063dd71fe946d4aaedf6b246aa26,PASS
60,1787371770.5870633,300000,2,f2b25c6907a26942cdd84eef160d92e3a4790b6b07ef2b16b77d47c61d3c539c,PASS
61,1787371773.3043778,300000,2,a2c59d1b0ae376a3bd47b3cfb092c925264f07ef339358fbf48aee6aea7829fc,PASS
62,1787371776.018003,300000,2,e06b810e9307d64047bbb78f8dc47d8a054cb9b4ae87653cb6a25e47107f5324,PASS
63,1787371778.7333736,300000,2,ffd4f7fada5bdd30bdf8bb53535b6fcf00651204f21ca0d2279de77b172428aa,PASS
64,1787371781.408615,300000,2,7228d76e1200868e7082d2446055917f512302a68a0dd587dce6133284c760ca,PASS
65,1787371784.098212,300000,2,e349d2b55d6ea72b9d3e2f0bf78e0471fc67afa74efda13f6d6af91cda0f9e5d,PASS
66,1787371786.8157275,300000,2,8fe864cdab9043868e2bebd370a0125645a6d90fff02dc1e164370a50efcaad5,PASS
67,1787371789.5467503,300000,2,6ae11d97144134ee6bb2d52197efa33be59b73936b9e4762b22a7656458455fc,PASS
68,1787371792.2929952,300000,2,ff76ec58df0d79284bc4cdf7ce2a33596a5888b05ef9fa70826d9dce8edbc359,PASS
69,1787371794.985049,300000,2,4dbd9e29b93c160ff18549330f22fc92dec4c10b801e5e812725cfdf67cb83fd,PASS
70,1787371797.7074742,300000,2,1045034d5e9a62f7b1470a36c0dc5dbd2c0ca99e92781baabb480dc433d5bd16,PASS
71,1787371800.4068892,300000,2,0ece9784911835dc74d8dabed856a3cff6a3cee884fe46be4d6d0b88da2f4c8c,PASS
72,1787371803.092861,300000,2,6a321d57fba752819b21e821ed5fb8f9beee64474cc8215d962428a3989842e5,PASS
73,1787371805.773647,300000,2,2b38edfe68866c320b8cdde55e9b7e0ac81dc02f62341a7ca0f3aede618e0102,PASS
74,1787371808.503052,300000,2,23cab4483be1a3424f98a441498f21edc04bdc34df61a996fe0c2c16e98764fa,PASS
75,1787371811.19964,300000,2,2202d5ebc800f322caaf66de72f4a9039e540f898337c16f7a9d1900d8d60ec8,PASS
76,1787371813.9170384,300000,2,a92feace2b340ee37067d62ee7baee2909ff7dd88a442db641b78d945e671299,PASS
77,1787371816.6488693,300000,2,7cb8ef3e67e228c9e3c9f9bad11cd3ab205ea4288ecdc24b36c1dd42c66ce35e,PASS
78,1787371819.3672173,300000,2,6351068411936f6932760db2aa614f2f3e788ec2f09a8dd7a732d49cd1804547,PASS
79,1787371822.1116443,300000,2,55bbcdba81703f1168acfdd78212f49434fd1efcd81e59472b52f3ccccb1840d,PASS
80,1787371824.8892708,300000,2,bddeb6170bcb06cfa60f86dcfa16ff256931f8f2b60bf7f0c0a42ace204f0307,PASS
81,1787371827.6469026,300000,2,9bf67d6c6eb299cd1b94d0189204d92ffd5fe3972b4bcbc8e3c34be74b1bdbc6,PASS
82,1787371830.387677,300000,2,a0c7b8aa32438462c10b09f8062ebdb8c4cbc87f2f2d2c3545fc53df58f8b88f,PASS
83,1787371833.0879312,300000,2,e03c8b7d09d6e3d6f8dbff2cb5ba988b93ecd5cbe372d44b6b88bb74f0712e33,PASS
84,1787371835.6584342,300000,2,add842fffbf6f81f637f28687d06851652d64982e847e16cc03dd846153a8ab8,PASS
85,1787371838.2267447,300000,2,a8353dcaf4fff1d28fc177259d28620c31d7349edf1a2a094ba2f18aa9910af1,PASS
86,1787371840.787047,300000,2,26c983fac9dc88f5b079042e4d3d8664fa871c8e0877650b28bbf9aba8922abd,PASS
87,1787371843.3196552,300000,2,29b6659e9a41ed589330ac6b2711d9a89f49be4f87a0fe2dc1a13ddf059e5e62,PASS
88,1787371845.9152217,300000,2,b85f5df7fa975081beaedc0e6d084eb738abcdf5aa4ce4ba540de213d98de9c0,PASS
89,1787371848.6387756,300000,2,6f488bb2cb7efddefc1633832da7b5a1735acbe84fe705336674db3a5b50cfcf,PASS
90,1787371851.380872,300000,2,7d92481c7f6117b19aae5f923586ce1779d286b950cc10c84cb9e94ad3b7b64c,PASS
91,1787371854.10815,300000,2,3cc98c39dd2b52fd310f9fb8002531de14cd21865e233fad67f89964b73bc3b5,PASS
92,1787371856.790386,300000,2,2c28bf3e220f566930ce78cf586aa989b27712ee119500b4342c0700ba9186f7,PASS
93,1787371859.3467314,300000,2,c0b99a75a94ad0e1e3be915ca6100afc35014d7b7202e11b53682df9c55f9492,PASS
94,1787371862.1072237,300000,2,17d148e25dd956e3bb3f69da9e27a04c3fb4b50fb39db5ed9672a2d90508c0e7,PASS
95,1787371864.8113942,300000,2,46e85f43c6efaa13e30bca88e336f00b5feea6262fcc22fee3d290bf8c69b9bf,PASS
96,1787371867.5345435,300000,2,c346073aa6e23b186964ecda3221ebeeeb1bd537256eedb77758e9402b36842d,PASS
97,1787371870.254179,300000,2,e4486700cf061ed40c15a95aad13bda8b061927ceec83dbb89dc16453d6b2a45,PASS
98,1787371872.8261464,300000,2,cdb5608e2dc3f24b0dc68f2b338672b2c48b593bea0f9d97f7f0902eac07b344,PASS
99,1787371875.390098,300000,2,93b18cc947166e0763b463c461f312815c6d675e65ee72f78026302fc643cac7,PASS
100,1787371878.1576433,300000,2,a3293380f83ba3e165cf0c0431aa63bd6da54d682c656f0fd31b3bbaba557cd1,PASS
101,1787371880.9118884,300000,2,577610856239bbd50ae51154b9e9c318390416bd404c467d63423caa692a9ae8,PASS
102,1787371883.6397543,300000,2,8a1926e14b3c77a5508753f5178dba71058e39999a7da62e8e69ce13c525a7a2,PASS
103,1787371886.4258451,300000,2,92c9e65921958a5c66903277c50b6844e527dae5bfd65a64ac58d6973ab71975,PASS
104,1787371889.1081076,300000,2,6775eb4a1ec456b45f6acb7c5b1f3a810bdc327b19a4f8bd5e1e05c39daa5a7e,PASS
105,1787371891.8082418,300000,2,93c2e12085ecf9e98c7239d96d04ec2ef45d6550435058d49660fff6ce39892e,PASS
106,1787371894.4894028,300000,2,e7e8066843eadf6e2ad8732fa2a53df76ace7a7856835c4f2712c11c9b43b738,PASS
107,1787371897.26865,300000,2,ea49482051bb105057d16797e0fb7072bb82be5ce92ccce971ed04e2d04520e0,PASS
108,1787371899.9889235,300000,2,5bbe00511d8504af891006c2f5fbafe00a5993bcd5e832643e60501aa3779ce7,PASS
109,1787371902.767209,300000,2,0fe5c40a1f1b48af929ab023641dbd29dda70712d904d0ba5979eeeaaee3bcd0,PASS
110,1787371905.5030284,300000,2,e0dac7102d4743b79ec5522e7f17178529174c4427adc9519c05aec079db8d33,PASS
111,1787371908.2257125,300000,2,60d040461b38fc2b9349aee08c0e393faa113c321b4a955d291f6eab2aa4187f,PASS
112,1787371910.935588,300000,2,610d3ba7c6356914c568a8c8f93c5d3c89868ea5d943fee0ee66f5b82885645b,PASS
113,1787371913.6524184,300000,2,81fed901a30720388aeceda00efac5a19e2d71de09b9721f5bdb18d7e06d1260,PASS
114,1787371916.315487,300000,2,f2846895d676c5b8a17faf314ec51bb9dd269fa9ea1ccadde27ec3f2bb29cd46,PASS
115,1787371919.0030973,300000,2,0354617484689796b07e897176c86cb513cc0a5605d5314654b7085de88af91f,PASS
116,1787371921.6857293,300000,2,775a34b91404e3c9d4dddd9fe9e62c92d7c012129ada5b7ac80a6e00f4e68b52,PASS
117,1787371924.4472528,300000,2,30c9eae4845fdf2b3698f7033588bbdff611b55d076ca23e4ffc1cbbe2448753,PASS
118,1787371927.1983144,300000,2,f32c5ffa2e44ddb681f4abdb651898328d00b03ea8fcf3f8fb35828f793cfce2,PASS
119,1787371929.92304,300000,2,67208c068177a490aa4429db236664cbe4570b786fb83027ac74fa4cc19c4074,PASS
120,1787371932.665198,300000,2,170225a848dea9f2d99907c0296ee7cb8a628c7a00cc740050cf6019ea310e7f,PASS
121,1787371935.410841,300000,2,666e67ffe82afd5cae1d309cc2138882a8cd475ba86f3b43180d061967a07644,PASS
122,1787371938.1580462,300000,2,803c886b0c49568d5f5cf5a27ddb95832fb42329a429c62f859be19ca5e622d5,PASS
123,1787371940.9203486,300000,2,d1b9561179f53069cbec7d53070c3eeb8065c41177d958726a2554055890dce0,PASS
124,1787371943.6284914,300000,2,ea708afbfa27e3c2021e19033b8376c699199d25601db102d6cfd0f646eeda18,PASS
125,1787371946.3729014,300000,2,f2a5629d09d159df6a3a86d448a00538645e302889a11e6e0c06a075b34d3044,PASS
126,1787371949.1260707,300000,2,90a203b77385cfb5170ee6f57673d739ee93244e81e4696baf7e02b020ffb3db,PASS
127,1787371951.8767514,300000,2,2dda85eac2b9f78cc69b955957f99da3ac2c658197f0be10331868b7a1305f17,PASS
128,1787371954.636775,300000,2,865db437fa425febfa20c422034b9c4737fc0669adfeef3ebae8a743e9ff3de1,PASS
129,1787371957.337674,300000,2,8986021ef339a2d837addbab7f934c7d2c6e980c459b36d38b8fff1df59b7e3a,PASS
130,1787371960.0269928,300000,2,2129643f66c59608f23881e9d4104e27a832c51996be12e63b473e603176bc21,PASS
131,1787371962.7280872,300000,2,e16a02daf0b0dc66e01691fcecd2442d9f2f0fb18e55460c386c40725b13442c,PASS
132,1787371965.4187577,300000,2,b20e3f15b655d00a392aea258108b0453fa19f83138053264c71865c08f84a44,PASS
133,1787371968.1440284,300000,2,5be172fd7c4bb2932d21beb420142ca066669182124eb5ca8e98a7473d0003d0,PASS
134,1787371970.9054668,300000,2,f240a462f0cdaf6c77364a149236ca791ba3b0007d19632ab5a35fbfa9398309,PASS
135,1787371973.6122487,300000,2,9c22aa6cb6c9d948a6d81f5c0495710e58e857495abfc719d145649b5ed34679,PASS
136,1787371976.2851067,300000,2,b3beeef4193074c6298f84d9ea27313fcc82d9056ccbf72f962e33741868a311,PASS
137,1787371979.0154438,300000,2,09d66b06ac009ed48da55260879ce1feebdcfccf9f29cace5ceaf273cdf87de3,PASS
138,1787371981.754899,300000,2,d1810ca45ae2a695389986baa88554ebbe3bbfb94acbc4de9700a7bf186855fd,PASS
139,1787371984.4979165,300000,2,f7ed06dc1979b4f723f59c2a8bd9c666fb241a5d314cdd27c90a3071576a58c0,PASS
140,1787371987.260824,300000,2,c1d31853920772633e853de53e760d28ad9fa3262f190055e4c92bcf9b6bed51,PASS
141,1787371990.0032809,300000,2,27b3b9690b21ef8883af25483522270c2a72b650d4a5b42358873c17aae4f0ce,PASS
142,1787371992.7198296,300000,2,23bf18eac608de6b72eb71e4863e527835807012584fc94713ca1d7ef19e3647,PASS
143,1787371995.451093,300000,2,10a5705a0a946221570f4e64704fcfd291b4e14648cba27ca7415d54218e8d70,PASS
144,1787371998.179724,300000,2,3a96dcd4ff196120c95bd540d6031e484b300d958b2c4590475d1acf091161c0,PASS
145,1787372000.8893182,300000,2,6757e6d8dcb44cdcf68f9c6416f426f2a451468fbcbe0b3e74d782a065f422e3,PASS
146,1787372003.449134,300000,2,00e9470b8a927b6d7f860624f188cdd9ac5487d36479bc65555e2d5bf0154dbe,PASS
147,1787372261.2484927,300000,2,6bd7fc107fe14d93fe9509b6aacf06d67610ef0c959ed6fd2db3f0f30e046c19,PASS
148,1787372263.8209367,300000,2,806c4f0c03a03588726658112219c43f8b86659af5ca46b9354376fa5b8ce37b,PASS
149,1787372266.4537406,300000,2,30f4923e1d4fce49cc202cc2ecba185342b435a0d777aa2a456a596124cb09f3,PASS
150,1787372269.2119732,300000,2,3e3bf90e309f58943fbb03a4f7cfcf5b0b69b67e1217ef03122ead34cfe0531c,PASS
151,1787372271.922288,300000,2,ab2e297115ce246b7bdd7b7391415a638f0da48870df0cdd95bdd929e1582d60,PASS
152,1787372274.6036954,300000,2,8b92a8f2d2efc01f541ea0bb07c1247d9f9db8d7b13081bb361376f57b2a03c7,PASS
153,1787372277.3312252,300000,2,2788d75b4ef9fcf61727e5ef522b0b5ed685b23dce02b603709415b267e43177,PASS
154,1787372280.0054574,300000,2,d1bf85eb5409e8418b1038d4ce11bd590cf7e97addbac05139b80c8303722f4b,PASS
155,1787372282.7196417,300000,2,5b56c2cd6dcbe661fd08d22dd043c35152ba4979f78358f9097f6effd95c3422,PASS
156,1787372285.4880683,300000,2,25517bb4fe5621651f54b31559d26a5a55a4284c654722fb3f810c5cce33c844,PASS
157,1787372288.2232878,300000,2,b20387feb5b88da0c29ce0b1e8665a154f2ebc64b9d791dd34ed276c4a7bb470,PASS
158,1787372290.9206698,300000,2,91cf6164d38aa0fa812222137960e7fc678c991c61e76af8ce39b47cd1b6c0a8,PASS
159,1787372293.6910083,300000,2,f4153fe008fe27f5c453b588f71840903420a6384e2b9815ae8ec91220f819df,PASS
160,1787372296.4355018,300000,2,602f489d40006b97b67c83b929bef96985c4c5b39ef33ae9736256df11d78778,PASS
161,1787372299.193009,300000,2,21ba113467d9dc33e5d08e73c6c8d961fd3ed6fc8f6881c9a2caeafd1c037104,PASS
162,1787372301.8863666,300000,2,210305dbb1b8fce5a3ad24ec5f4522418159b85351d8f4e82cb209bffda6d006,PASS
163,1787372304.6110547,300000,2,cb07077c07d2d4f215c141a09f6cd060aa11776eefd0ff64ef4b670134efdbe4,PASS
164,1787372307.3670454,300000,2,baf908f8c80015962da091708b88a82cfb7308c490e92d599c1127bdef3f8313,PASS
165,1787372310.115682,300000,2,a2db2cfda360490fa067582f6285639bdfb11b6a07f1d265843c9cf2149363b5,PASS
166,1787372312.8228133,300000,2,46018bf6cefc226debe7fe85c9bf3ddccc6c0bc44fa328c2795c37f6976a093c,PASS
167,1787372315.5003765,300000,2,bd53afe6ed8f118fe74de60641a3adaeac97191aa5fa2d403c55b3f8a0e03470,PASS
168,1787372318.2186084,300000,2,f0f252b1a81be058face6273ef4aa9b590d9c3daed3b25c3b98d556704663f40,PASS
169,1787372320.8955624,300000,2,09c2bc8467b8d7d896e05b64178ba7ce68dbe74119ca92e8457f6d84a25cae0e,PASS
170,1787372323.5665479,300000,2,25e04006d066914162b61fa51bfab02732fccb7bc79980cfc068b6b9373efcb0,PASS
171,1787372326.2630584,300000,2,0d94bc9d61ada9ada2bc010f9135b91b4cd4798d11a8a5a76a24cea919a5e359,PASS
172,1787372328.9699302,300000,2,20237e74d87a9298156cff2ceab00c16036f794de431dfa9805fdc76ff871610,PASS
173,1787372331.6677914,300000,2,d016a01442c0717e783939345835df9728335b0730d388f3ad5a47c22e0cee55,PASS
174,1787372334.3380096,300000,2,b5d3a039ec9d6fe064ca85723a64748f973a58a4361370c670271075f193e488,PASS
175,1787372337.0441134,300000,2,f360d11e341190fabf543526eefcfd05271c4b434e6657a270e3ff9a27bae17a,PASS
176,1787372339.7197137,300000,2,2c091235f6daf667a7f8b444d000f8ded9971262cd90cc949178a4c6cc6a974d,PASS
177,1787372342.4061983,300000,2,d3ae737cb2a43464d3ddf9f914e4fff3409709ef0610556e6bcb58a87847823a,PASS
178,1787372345.0098536,300000,2,1574c16a36afd09b4ab6fabaccbbc4142259ccf386e0c9976b426ba941401b3c,PASS
179,1787372417.3477962,300000,2,f698d52404764a9ee24334acfb844d7d113fca170214e4e4c131aa87b3557b9d,PASS
180,1787372419.9144964,300000,2,e8f2093946ebfd76f62836db52a15d7c5ef9d561aee2059924292e58e09327a2,PASS
181,1787372422.6868293,300000,2,03c3434bc6f86e40993304ff9f111ccbd34a2b430eb5cc9319cd09063ed6d7f6,PASS
182,1787372425.4579399,300000,2,b918415c070e93ad6f2301ef94d3c8b0a199410cd0932b5bd430d1dccfb61c99,PASS
183,1787372428.1907773,300000,2,f80ad6c3e9646e2f5786385b02207870a72a24dc75bc773ce3c06802b9123b7a,PASS
184,1787372430.925254,300000,2,152a7c6df3bcc0e99bf57bb10f73fc07ccf656214babb02687588ad127e5a776,PASS
185,1787372433.6788735,300000,2,58d758565c2a205c6fe85cb70e5531055c0fa8152497767ab0acc082dd4b442c,PASS
186,1787372436.4134405,300000,2,df78b5140fda83d537ec86d4b3cc34595e426ce3c5c73ea6658ea9bcb1e38bdf,PASS
187,1787372439.0968084,300000,2,9256cdd3101762ac85a84561574e4a4e9f7617119f58203c03711c2a88855cba,PASS
188,1787372441.7865212,300000,2,abfbfa4f1787a07a09b3b78911683bb563bc887a4d6290e3a0b656bf843d843e,PASS
189,1787372444.546789,300000,2,6747cbaa358e1119b39f4d269a55f9fb2e7f03bf0380a956055249ef0df0c254,PASS
190,1787372447.2802978,300000,2,58ff947aa849fd20818b9cb59ce75a9a02c0f40a1762b98a41140b3ca1dab56e,PASS
191,1787372450.0263898,300000,2,e89eed35bca3acb5b46d9bfa48878e1c974304632e4813820c7911761053497e,PASS
192,1787372452.7574966,300000,2,0a8e46ea2a17805337f816c12292f695696577f5444110ee0ab72b25ad7933d3,PASS
193,1787372455.4733624,300000,2,cd168cdd59ece7b13c016fe422d42393918fd20ca4b6d72f77d43ba12d58e84f,PASS
194,1787372458.2107391,300000,2,29a6b2723b7c0cbc88901d600c5f6148d438801b058a12988ebe146447fac6d4,PASS
195,1787372460.980765,300000,2,1f5387163c4d7a292622feabdf84d920692f6f0d0799cd4ad45759e97f48efb9,PASS
196,1787372463.7151659,300000,2,3da802537d32227c0d395b366d7bdfbf3f50d0fe79bb5d463503a856618ff57a,PASS
197,1787372466.4447079,300000,2,7ed06a79da487a0f5a909031c6baaefc5f8a05121d5254915e79876bb4f756cb,PASS
198,1787372469.1682067,300000,2,80f568c0d818263e70b6a25b393fbc2f6ca000dae9bccdf069b511a0c3874b1c,PASS
199,1787372471.9442687,300000,2,011042b52f27ee47e97d591cb0e91e248434cec60e5fec27f2d9dd35403d3e31,PASS
200,1787372474.70056,300000,2,53c03bfe8358634166c13993fd7a99549490c8e173a2dbfcf92fba115a0b120f,PASS
201,1787372477.424196,300000,2,da88e07f4a63a3e6705332e9a88ddcbe65567f086ae5107ff92efc6492314bb3,PASS
202,1787372480.1560755,300000,2,656e98cb0d0df7ded3c10172c9e0e879e8f34f77dcbc07f2eb23b38e1ca867c5,PASS
203,1787372482.8295593,300000,2,f1c6edca305cd4504ceb45cf72b41277748a62b8777323d16e45fea6a3da2ddd,PASS
204,1787372485.507982,300000,2,2ba835be888129911e2c4fd6533c688eca816ca65bb1995c2c98d19ab8395635,PASS
205,1787372488.1908596,300000,2,b826837e4f1276be40c3ca41ea04f14acbf72a3021d138ce49c0732f13638639,PASS
206,1787372490.8841934,300000,2,12ab579a2d5b7a88327ddb95fb7806730ca026828b1b37110ebd197b9ecaef2d,PASS
207,1787372493.5850945,300000,2,74f6d6148be29d1ccaf85573a77b44bcec39db56cf2bdb6c913862cb18347986,PASS
208,1787372496.1594183,300000,2,90fff5c1e852dfd4f93408defc31e050ce2db5430ee8633097dc7b605c019ed4,PASS
209,1787372498.6952589,300000,2,cb971117479c9a40910c091e0766b6794345d9f5322fcc85954f733fda4a2c99,PASS
210,1787372501.2366111,300000,2,8abb14a1f486f76a54a8e5b71ff03c38511ab8c8bebe0acee76a1fc8d2ecd175,PASS
211,1787372503.7889743,300000,2,f129529cd1a1dfc1c79c1389be9726ec039c4848672631cf9cc98adc55b25c54,PASS
212,1787372506.3868325,300000,2,b2ac0ee473c059fb75e074cd60d135f264e7bd7433829de1318ef8848ffa6b67,PASS
213,1787372508.955534,300000,2,c59f5a4cfb90228472affd0fdd9c7741294e47ef9695215453c8821716fbc312,PASS
214,1787372511.5173955,300000,2,eab9f4bb3cfa6b18de322553f2882754b3964aff230b274cc8d2e55fdeeeec4b,PASS
215,1787372514.0521216,300000,2,9fc44e5c80b4be576e4bb9cc748392372c00d2b42f2fc4abd9bd59a637bca3cc,PASS
216,1787372516.6656284,300000,2,64946ad1b4c19131d9e4c007f3cfc24346de045c9d4fdcef7fcf0b566ede9763,PASS
217,1787372519.1992424,300000,2,e303158ec23c74d61b97987cf4386296852d4e33be77ac938b5316b0f07725fa,PASS
218,1787372521.7571735,300000,2,cde8172f27a36721b1e30ffe1947fbe948016741d00f2e09eb25343c00c084f8,PASS
219,1787372524.2887511,300000,2,c0d2bef357e91f19fa2ef650d9d5484e00c734f632814320e0e647228c86c1ff,PASS
220,1787372526.8465838,300000,2,db5fe46d8b95c20658ff8d1c78527e8fff380bb9cb1ba97995467b3b91f29c7c,PASS
221,1787372529.4511552,300000,2,f8abb51bcd61ac7053c10a138402c860d551312949925b4e19e4223aab92c5e4,PASS
222,1787372532.022698,300000,2,1e3f5c62a00dbed4606b00a2a5e21168aff12130913734dfed7768cf12f0d381,PASS
223,1787372534.5784953,300000,2,b1044604808bc9df6a93f47d0450d19a6688777d72e2262da175a5986bb8532e,PASS
224,1787372537.1349554,300000,2,5451d0b135a889fa0443ca0c78bc06d92a4e8f45d64c59a2e2e1a94f9aa7c2ba,PASS
225,1787372539.7022026,300000,2,8ce8d27f93e8bd6761865cb9c3f258d1c2853efd9623c18a64809b3f64e32070,PASS
226,1787372542.2662911,300000,2,321339efbc9ab4e116e649f9f9957e67aec9ee3025828eeb1c832939c92e81d5,PASS
227,1787372544.8391185,300000,2,3fd854e3d6ea302f84ad84b03e4f5ecc53eed755f76f246472238fcce0701c71,PASS
228,1787372547.3927293,300000,2,b352822f4bf1db2597e5fa570d606d4b6724d12ce94631b6bb9318d19c6d0a51,PASS
229,1787372549.9685712,300000,2,1a9081abd1233f4438bfb1c824d6fed285bc5d819ee48745d317aee11fc82f26,PASS
230,1787372552.5183947,300000,2,bd75cb98652e0aa2d7ec140dc7a21d2c441f8d291b23024149509163fea3052c,PASS
231,1787372555.0731404,300000,2,d0751452a30a3e46f8e41c5eb2635bd530eb449be3ebbf28b62fa19f4e433f72,PASS
232,1787372557.637488,300000,2,f3dab47f836239ac6c5ee18c87365acdd1edb50d826deb2c596340771b4d83e5,PASS
233,1787372560.2037961,300000,2,8290fceddd5c11747431ce2371b54dc7431b9f9117709676bc61fb830c9724a5,PASS
234,1787372562.7385173,300000,2,30bf633d128bc85f0c383934ae4c4df0944e2131e8ac0850eb9627aad812d9ed,PASS
235,1787372565.29766,300000,2,d7213dbfc5ebd25be1e2880d5c70b8841077c62ea9976e62fef2f3d189a4463d,PASS
236,1787372567.8437974,300000,2,47d9227458a4647b3e453d885052d1fba7242dce84c865903e6dd2b82762c669,PASS
237,1787372570.3867772,300000,2,7e6edb0f3e2f427bd0cd38cc83799bc724d81270645eb41606ee60e5b354be2a,PASS
238,1787372572.9647079,300000,2,9559a446d6ad20d92112fdcf18452fce6f434450a8f425d883e76b36dc85f3fc,PASS
239,1787372575.5141551,300000,2,a6448166ff93201b53197e6ac0b35d3bec31efc2f77e393b73f7e298a0cba84a,PASS
240,1787372578.101481,300000,2,2745c00df0d4643c199734e214ea795aeb10821ddf4b3930f7eb5ff1869ee0b9,PASS
241,1787372580.691241,300000,2,8e840ca296e6e131c73185704e1cedaa8f4967f250e6b18ef26f52e662685f52,PASS
242,1787372583.2273955,300000,2,92d768c66af21e09caababa50a92d67639056221b6e45a464d7456784ba17161,PASS
243,1787372585.7708027,300000,2,dc77ea523fdd8ce0039bad40f4ee7b5e99d89f7a1ebe3529bf182d801e234886,PASS
244,1787372588.3592415,300000,2,7ea3f7dd0e3580d6c0a0e4353ca851c84fd292be00e66d0f832b2951cd47e3c2,PASS
245,1787372590.9063096,300000,2,357db4fc91a7b7392dfcc127fda491f62862f5c1446c12782e49a5d634cc7b6c,PASS
246,1787372593.4621627,300000,2,edc017e01f1339dfe3526d814ba4639e1080e006749507ec982e9fb1efde7a8a,PASS
247,1787372595.9954722,300000,2,bd64bb9f4a7cc377067c514eb5762ea912f155a140b90d518be4ea821344c903,PASS
248,1787372598.5446494,300000,2,86f786191195a967c857a3ceca2efa7c5cfdb5b269c735fc3023be9d86bd1618,PASS
249,1787372601.0798073,300000,2,a62b2cc9670c9a0fe45dec7fa7cec5b68d20ce8f21a2cec267bb84af48d183ef,PASS
250,1787372603.6428878,300000,2,f532b40a1d5be6ba52ceac54015b44c31e815b03d8ef7808c99fcc89a98f9df2,PASS
251,1787372606.193109,300000,2,a182dd96d55221e0a53f972054b9ee01d76b821922998c5edb91da27ddf46c1e,PASS
252,1787372608.7562635,300000,2,fa0142eabf02127af55992021fa302f881986c37848807621f2874d54a9cc0c3,PASS
253,1787372611.3132963,300000,2,0954744bb242465af6a0b59e264905c295af405bef943e91082a3c308a5ead03,PASS
254,1787372613.8667536,300000,2,9f5785270a0c88a634f26bc8f71be3c19e2e495b581457ade6e4cc18994b9ad3,PASS
255,1787372616.4079869,300000,2,1f305a85b261ae2c2d49a881a28e28441c4da91d21f4efc2c5d9ddb9c7071ff5,PASS
256,1787372618.9565227,300000,2,6007a8fc3574dfe9525c6391090ea3913306accffb9f178347a29bb1b599a02a,PASS
257,1787372621.4916854,300000,2,5bcbef4bbf0c99b524e39d0802a235972c3e0ff88ba314079f279cacfafd6f00,PASS
258,1787372624.0585194,300000,2,50dc39fac4f468292dc65223d3f3607ed234c1f27af4622e81f2e8e1b761643c,PASS
259,1787372626.603547,300000,2,5562da433cf316c3a8db7c74487e06210e34af0a1703955efc388cd46a307856,PASS
260,1787372629.3713741,300000,2,09160c2b1155bb83918f700a6192ed8524b44c0537cb76c2cbb3375f8eeac4ec,PASS
261,1787372632.1343553,300000,2,8614234f1586700512b2c911055972090048ca2ad0c2b59fc1351ea2dcbc2855,PASS
262,1787372634.87243,300000,2,78a4efac94d8b767b432272fab9abc53a80e587f5e8b2f57941ffed72132b287,PASS
263,1787372637.6407719,300000,2,a34fc772f67f206f8924ec269c9b9a274252dae62a24c5e093b1014c65545161,PASS
264,1787372640.415126,300000,2,3465f56a70d4f88ff55b51494f25fda139949a9e218491e94ae40adf27654b08,PASS
265,1787372643.0384793,300000,2,f2b5832c5c2ac8ebb7c0f993a5fe163248290982793c7b5059f3efd720869841,PASS
266,1787372645.6238766,300000,2,81e25262a0e031e1dd0df48dddfdecc2b7cf7db26e008093ae8b64c14f741b6a,PASS
267,1787372648.1776083,300000,2,2767aca935e9f8b366d652bf50cef5729e91ff4bac5a2037522b9ebd77494d7b,PASS
268,1787372650.7982671,300000,2,f3fddb74820098a74c93ec99a41e88f04244950e95093ff4e1643c92c26913bb,PASS
269,1787372653.420344,300000,2,a15958ed3c97692ffe2a12b4fe27afafbb7cc4c0fa36f1abc397005db5ac7c18,PASS
270,1787372656.0309868,300000,2,8115b8f2070ab711652d923b668f23cb9e5a15bb65ba1fb9f13479c0e5d83a78,PASS
271,1787372759.8573837,300000,2,60fc16d8cfb669a96c5931202faadf6a4111ec6d6e6957ec4b7b86c55fec674d,PASS
272,1787372762.4310715,300000,2,3cac2af5c287bd3f482c11f345581673e198c0d5533e9d881035493ab1f6bd4a,PASS
273,1787372764.9975207,300000,2,d649becf0fa708a4cb1a38fecd68faed7a1a47f5c390700e54fb441d7c9f7173,PASS
274,1787372767.5832267,300000,2,25ea2b8552dfeb0b798ccda001182043411a4942fafa413302f2f2a45f0ae7f0,PASS
275,1787372770.3031397,300000,2,b03b605efff088971b37a00c4bc9d1f8f571c4af93ad5498219775c33ef6089a,PASS
276,1787372773.1211433,300000,2,95c9366cad97d0f1312818c703a71b79e36bb033842554e31ba73c56fa1ff2d8,PASS
277,1787372775.8807678,300000,2,1100cf59638e416eee3124672896b7040a965141acbf1a1dd75817b778aa54e6,PASS
278,1787372778.5616176,300000,2,dfd207c026a376de9da39ff9012e7e794148a9cdedab4c3415ee5986cbee6ace,PASS
279,1787372781.2557387,300000,2,23e1a6f035240eb6839fc6279d54c7591abe6d689b72f78e012ed37b9711d9d9,PASS
280,1787372783.9702966,300000,2,11ff6ecfd4081052da7e6b11f28ae49437d439d94ec2eb0069113c0919a831b4,PASS
281,1787372786.7086341,300000,2,d061f5652a35c98e2dc9146f74872465286b9ad6b497959a9a36eda314edffd7,PASS
282,1787372789.4486766,300000,2,0a5b9d5adc1b54553503d7884da8271cf92290663b19d715fbdf3e0ce5e2082e,PASS
283,1787372792.2061832,300000,2,356c826913a1fe35bc804145fee73eb1a8d48d382673accd4d33ab45377a2114,PASS
284,1787372794.814434,300000,2,23cf2c6ad196f812c77be9fc4579bed32f38490b44b757a384fc1a2168b5f31e,PASS
285,1787372797.4213383,300000,2,6493305fb7425e92abf5d951eadf6c9ca077be4b79f07a8fe7ce25d576ea5dce,PASS
286,1787372800.0325873,300000,2,ab7676093d43db03031f04b1c8e0429a5a154b758b7cacf447956a72bd45d335,PASS
287,1787372802.606037,300000,2,3368b984c665d92935bb6b98e6fd463282cb3ade44289580a3cee36a128dccb7,PASS
288,1787372805.1594446,300000,2,796bf6ec61f4faa25e5574061b1da8386a6089b0e0201dd5c6e68aba7b5edafb,PASS
289,1787372807.7486858,300000,2,2e80cc1e522cf9b744889f8f689b7e16bbb806627e35620ff6fb9a5acd700c08,PASS
290,1787372810.3250387,300000,2,71cf61d4a11db83cd6db60c5f5f9a20fae0ac9248a7b811e704b930646aac0e7,PASS
291,1787372812.9089034,300000,2,c457c0a105cc7ed69907e662ba50fd2ffd0559cae4649cc0d731b829ae2ce2ac,PASS
292,1787372815.4509315,300000,2,817dbbf159c91ab4302470153a49734868427a8f8e00ee410be3922f868cd15c,PASS
293,1787372817.994219,300000,2,a0302167258765ae4648682fffff77891c313a1e0a8b6968c824f83c28119770,PASS
294,1787372820.513521,300000,2,8d28d33824632fd35033e1b68fc0b9349deb949973f9278fb0ee1468b4dbcc4a,PASS
295,1787372823.0842469,300000,2,97678ef40e1d0ad87150000075b168151da47e7025eba6c519309bb94796f852,PASS
296,1787372825.620335,300000,2,ae673bd4a6a98e05d7ce4c319f41d54a43f620e5537e7a70dfb97a12a1e57eb6,PASS
297,1787372828.1719458,300000,2,c1f3b22c5c1c888b68e07f33da3a7e61fc57bbf2a7e0b98654ac6138e2eeb568,PASS
298,1787372830.7157733,300000,2,5523fa98d2c2c2aa43f0fede8c88dca5f2fcb19ef26a32af4993292c61f60e96,PASS
299,1787372833.2890093,300000,2,0f3d2c6068e4f2e5decfade0917376771fa6dd2b098df0686566814278ca37fb,PASS
300,1787372836.069664,300000,2,568d14f05022fc619713ce1e989acd597ed23fd76df2a1d9c8b7a0c05661f874,PASS
301,1787372838.808153,300000,2,df3e81ceae79fee6045fc8e3e47bc6f45256f1c56575e1f69fe0dede2db70b09,PASS
302,1787372841.480601,300000,2,fbac4c6940ff9b39e4e549abf693a599411230fb421e6ad890c1553a39421ac8,PASS
303,1787372844.1811996,300000,2,3a6200c6aff7292787b5a8a9ef139b8176ea6037c8c2bf0c5f75dff8c1161236,PASS
304,1787372846.8642888,300000,2,3eb9bd76b6b3cf09e76a05b3584a8500026d420fa93ce6787c5f04c403dc2840,PASS
305,1787372849.5379279,300000,2,495a0c3e9d4631921a515c8642e8ebecdcf933d155c31e34af8fed574281abb2,PASS
306,1787372852.2352097,300000,2,59ca37728302a9061a78ed0d3918079e117c232be1c7479d426f98c46dd11740,PASS
307,1787372854.921603,300000,2,93aba4121f9a9be2a86e356afbe223628600fcfd7f609699a2084bfef180c5e9,PASS
308,1787372857.6746628,300000,2,3966b3b92e1571f269b19ede473c062b36a31a2413ee7a88d583dd27722f712e,PASS
309,1787372860.4072585,300000,2,874af12fb1c55cb4539cb38da3cd4a397e9e3d5f676bf7bfbfcc905e3a125eeb,PASS
310,1787372863.1635807,300000,2,db5b820c71f62b2d64083c1c4ba6728bc842087352d03e8e497fa557e89e2377,PASS
311,1787372865.9075875,300000,2,83c1173628cfb7e9a7a400c33a22db574ed9df1cd0525d20efc82eee93a2086b,PASS
312,1787372895.151248,300000,2,be3dc9b53d2df82d2e452fb4bdb394adc8adbf43d4c1516c2c7e8c68aec3e74d,PASS
313,1787372897.895551,300000,2,6588f85ed8df4d1511677055fe88fd39c5768b1c4d0b277981c69b87eeae5040,PASS
314,1787372900.6193027,300000,2,0042358f9ffe2ddecc0e4b45c265c968f436b14464d0a21e25a788f355bc42b6,PASS
315,1787372903.3426173,300000,2,156bc1ede066c0a5211dae1c09c79276720abb4e9e9262b147f8d03c57d311a7,PASS
316,1787372906.0682418,300000,2,a2aab897053ce256c27c27b58a89974b66f92961d86d48ffc29e5573b4595b7f,PASS
317,1787372908.8135347,300000,2,0ae4e9bb04589eb15bead15d3ca51f81eb4e8b5934079d42a89f101748e9331d,PASS
318,1787372911.5671885,300000,2,8ebf699ac44e34670ab7e12843ad0012a435e5fcb1136b61d3cda46907e46c7e,PASS
319,1787372914.2961845,300000,2,b74d7a1031ddd208c294639b7c059674288450be7eb2a78d0db7a43b0dc4d011,PASS
320,1787372917.0086782,300000,2,45bf5f3954db45a5a082553fecbe4ea92afff7b9003cbf1e79a97ee38f16a833,PASS
321,1787372919.5707994,300000,2,497a5b70ebb93c04139d814735717d52e2f621f5b40d590f08288675867916bd,PASS
322,1787372922.12102,300000,2,3bed571a00b04f171459cc0d84af4b38edd0ca0d3420a6425c094f6d39419d8e,PASS
323,1787372924.6668947,300000,2,0abe8551ff917e81b0d2d700527ed4795c887ee7e690dfc678fb7e2f2bdd42d0,PASS
324,1787372927.2093747,300000,2,82f965fa19365792d692d716f2e9aada406fac7c393a6df28d16eb15cf671b90,PASS
325,1787372929.7487266,300000,2,be5328ef79b92cc3d06534c62235337ed50374167d2fe02f1f15e355c05d4486,PASS
326,1787372932.2946446,300000,2,9ff94b3f6fdbe66d84fc712a3d7ae5c95c5a2b713f0d070d3273fcdde4173142,PASS
327,1787372934.8797603,300000,2,2f893b403eef29bfa58f094be470397013724de3a2c55837187efb4c35818291,PASS
328,1787372937.4223735,300000,2,f4e04251de77713be9ee0dede4940d46f128896362371ca52c2cee529b4d2278,PASS
329,1787372939.949063,300000,2,7421af86ad5b1d1f45652946765019650d0323745330b6d5122975e1f9ccdb39,PASS
330,1787372942.5295022,300000,2,ed64dc28d1cd4e7320e8001e54a122674b86d2bbc686ff1fa3735b264d0dc557,PASS
331,1787372945.3169432,300000,2,334a510fecfe5ad0dc22a127239dbc424c47fb9269682e3ead8559203a958d99,PASS
332,1787372948.0440094,300000,2,cd4fb1be36e3788cc1a9b8032817a34209a39e83b03c2cf3fb99479ced955af3,PASS
333,1787372950.809846,300000,2,7aa553639258879d643d54a7716cbf09fe6b48f63604a6e76fe9ea66649174f9,PASS
334,1787372953.5659878,300000,2,ce667c8324415c68a12e39a76c796838fa911271776b1843c6c6357d18839b3e,PASS
335,1787372979.7096138,300000,2,bb1fc6705a372c9a6091fc549052adb859d0cebe6db46d282d9f540408a1c761,PASS
336,1787372982.459618,300000,2,efa6577d062102a71586a16ad557cbc33b9644d67526ea52f7787a08258d30f8,PASS
337,1787372985.18692,300000,2,496c09ec00fe1b78524963cd81ee97bf2802a7eaeeacb8226e50c5162dfb0d1e,PASS
338,1787372987.8531103,300000,2,fab76674b4afa0fb785a142c341efab5d2b4ca9239755d8291d25e948c839834,PASS
339,1787372990.5604367,300000,2,cc3fc36476d381f35f04ea44efc9996098ed85b5877a427fdbe537c2c91e2023,PASS
340,1787372993.272814,300000,2,3bc216038a0d8b9ebf814cd1eb64080cdb9a587fa09c7dbf7cd08c8b7e6bd2b9,PASS
341,1787372995.9741445,300000,2,7a93e225545b45ca056f61868b54b91473d53174de9bf908c918d67a428b87dd,PASS
342,1787372998.5538037,300000,2,c0a5a5f3f04bc1a4ce38849ef0646c5d0b8d099630eb803a9324580221bcd5fc,PASS
343,1787373001.0919278,300000,2,6e88f289e07bea487e6bf5ac5a22a3c889211fdac3327ee7d9008dd1aedf1f63,PASS
344,1787373003.6685774,300000,2,1f8c0ee3b031d6a5a1e78fbc8b9b4d7a45028e7d54863e50c031ac5fc14f2936,PASS
345,1787373006.192063,300000,2,f653e1b8a5e00c120c25f334a70066578a0a091529e29f1efdf969aa3009abde,PASS
346,1787373008.7591414,300000,2,fdf0bb227f2cfd55367692ce0efdd934b48f2b285757b65a762c26585cea09ad,PASS
347,1787373011.4960837,300000,2,c44c3187220267d42026f2004e3f635c4a16a010fc1c3f15cf4d88e34d91b802,PASS
348,1787373014.2061856,300000,2,d1801e85ff7843f6c1f74580261447e1404adaab5f474080a22c6bc60294c612,PASS
349,1787373016.9140136,300000,2,51f9c3b4a7b452d4b834828cece6fc444031a29cfd802211ff55fb071ce28e3e,PASS
350,1787373019.5866854,300000,2,5215feac74b746c8e9fb53b0a8fbf9b06b47eb272620d708cad2546d535aea36,PASS
351,1787373022.2510078,300000,2,6cb1b7c6376cfa8e976b088196723c03d6dbb2b9000a70b7c3ad48de0d3922de,PASS
352,1787373024.959428,300000,2,40ebd72212549570508acde3abe530f0e9836bdea9823079acc16834d4b579c7,PASS
353,1787373027.645252,300000,2,63dae689fa230252032afe279a6b39e9bf58bb84f8ddf7335a64aa0a5c7715f7,PASS
354,1787373030.3259223,300000,2,eb82671bbd00313eb7a22e6f49ec80b7c026bae1857a62d58395ec7c0adb9b61,PASS
355,1787373033.002812,300000,2,887f0026db0b5a7b3f95dad5662f75f321ce0c11c55555ab9c6a9728fa64fa95,PASS
356,1787373035.6623378,300000,2,882023d7fbd764703e5ddcdc0efa2a9b8239363519d084f0e5a5f199f12a43f2,PASS
357,1787373038.3430083,300000,2,3f813241ada2366bbc7260d81bf6ec2037a8cb5229b2e88b77ed5d0569718d0c,PASS
358,1787373041.0202405,300000,2,3c95a4c1a5a7a71878cab33ec5ef49c2132729bc1bde95d7b0061ce65f4f25d9,PASS
359,1787373043.6034286,300000,2,203ce9382fd5bfe6de38ec49d5650ce59f4228128423f302c7d951aba6e04535,PASS
360,1787373046.3349543,300000,2,cc7c05741fd43175b75c3208b4cd275dee3fd46b6d86050cce4d41414a01066a,PASS
361,1787373049.063238,300000,2,388f394f757fbfbd9d9edebf2289e329ef3ad334e4403614d491f394200344ff,PASS
362,1787373051.7970116,300000,2,58185262d65c3c39f862415f193fa74f79a93d218e93840ab9bb9f0fde9bf1bc,PASS
363,1787373074.908094,300000,2,b5b99c8d950796daf318ac9954f0849d497c289603535975b08fcde01562e93f,PASS
364,1787373077.612044,300000,2,45048ba04e93e13d09fa6d9090b99d6a91712e3d210823ffde9de153024647fe,PASS
365,1787373080.3238103,300000,2,959c94066a42f8a56c42df46708a71a00a27b5be693ad216a45396979b265fa4,PASS
366,1787373082.9840353,300000,2,1c1728e21e36eb0233beecd1e2dcb392ed2e6ac69c1b91541429af7b8e32ac24,PASS
367,1787373085.72505,300000,2,417344694fb0adbfd7a370b9e2beccbdaacfdf2a961cd2cac039b4b41a731e01,PASS
368,1787373088.3901281,300000,2,0b2acbbc7f0c524d2055c11e8312d739ce0a72604e84db8f6fc99de6fd16a1f7,PASS
369,1787373091.0672932,300000,2,267e127444dcf800af27846d68b33009c527a5985b4f60af8c4850103fe9d798,PASS
370,1787373093.7794278,300000,2,7907d732809b07482293ab90d6dd347d67bc207b17828c6eff8058a2939145d4,PASS
371,1787373096.4424834,300000,2,218a2c200968802071396c1dd3553897075e0a8566ccd6a392861b55fb1684db,PASS
372,1787373099.1544292,300000,2,1ef0b1ecb0df305b932d910995b603665fdb23f8fce13dafeb807b5f7713a427,PASS
373,1787373101.835823,300000,2,b3366acc0d7fc9287f52fb05ada5a9d5b2fe48cc280c54d905b3ce379411d5d1,PASS
374,1787373104.542279,300000,2,65b45b681bf37be46393546f3a0645f285146686a3c8d0f5761859c8e850dfc9,PASS
375,1787373107.2407632,300000,2,e849bcfb6bb8c1e5883c10998312e7495933702e855f651f5c55cfe1770560d0,PASS
376,1787373109.9255533,300000,2,18447b46a4e4e3e289c085f54f808faf1035dc77558bd6f5cef668ce5093e400,PASS
377,1787373112.6156936,300000,2,ffd8941f3b8cdc61348b4198696f2fc4179ddc65d1410b21ed50fce4ca8dec75,PASS
378,1787373115.2878907,300000,2,73f6037c29c42d5207daf3b7fd3228c423c2609aa54050c17d491e50d7bdbf1d,PASS
379,1787373117.955702,300000,2,5def0be43b7e6cc75337c32758328e3d9bd270edd1eb6fb5a72bfb57d396cd02,PASS
380,1787373120.6512675,300000,2,8a4778e77d779061bcc109fb6f5c1a0c15a9614ae99eb91dd24a051efb147aef,PASS
381,1787373123.3213785,300000,2,41c8c0a5a33bfed6c3568022b95664874bb1fdb0652010a19e303adf9cc1bb39,PASS
382,1787373126.038222,300000,2,ae887595c6eac918816ba948f9b5911a3e426c4fc3598ed3fa5a8745dbcd2620,PASS
383,1787373128.7618961,300000,2,d0bbb7684ee82f7bc047745f3f06ea35e52b67228563678dcd73a1ed5481ea3b,PASS
384,1787373190.9612434,300000,2,2a40a09e4fbce08129bd116c1361bc2cbcf29c7fc5dace70d11c8b0fa6f8b2d3,PASS
385,1787373192.3178492,300000,2,130b02aa0fc9eda2c78ba6f595337b8abaeb336654c6f51940a1c9aefefbb438,PASS
386,1787373193.6662219,300000,2,edcb607a6108bc2f4bfe62c70a373c43395efd8b2e9a696bf519665ba5924725,PASS
387,1787373195.013919,300000,2,4421efb815b83480c8120a982b3e6ea8e5aefbc3d3cc44cd108c66a6720a284e,PASS
388,1787373196.354538,300000,2,d99b673a00ec2e8e8d56628733caa8dad00b686654615b2940a6c902c3df0787,PASS
389,1787373197.7180378,300000,2,249d038ed39a7c36dfc01ee41297011ff8b1847a4cef2d1c5cf1d5e5d7dbafc3,PASS
390,1787373199.0683641,300000,2,e2fd3a11471b95d088bc561b903fc277e1bb06c0d9efa99edb789b81536c5898,PASS
391,1787373200.4132955,300000,2,29c369cc0a63c428685c4a152b20871601358b0050628f4124505af1e46f6737,PASS
392,1787373201.7548401,300000,2,d3085fd872b8da1d3a2a016a28e05ae980d244a959e4009db3c7af9ccedffc99,PASS
393,1787373203.104965,300000,2,0561989ab247a5ef684bbebbc3815ecdef3db64c9eb4cd5a6014ae31f7f4f745,PASS
394,1787373204.4541452,300000,2,a0d7273643b6a1eae3fe28ef0329bb66fd427f3d0c2ef007f95991eb2b245d2e,PASS
395,1787373205.7969198,300000,2,cd35b33a3c3d4d50c902a5df66f23e82cbb6a9ee8623503465fd98fc49be8d83,PASS
396,1787373207.146265,300000,2,3b48938377685078354e642efee96eeeeafc33659370a2fbdb3811349eeab1e0,PASS
397,1787373208.4942834,300000,2,2520d9fe1952b32a8af50ddb83842cdbb56b59189ce95634b9a93b776210f0fc,PASS
398,1787373209.8335407,300000,2,d9f0acabcafd416cfcd1b7f84c53cd6638102494613adc7a0b43fab5c3059bc5,PASS
399,1787373211.196223,300000,2,b5755ab2501a2a737f4332601d6b4ef004eadc4b5ec9cf00efd79be1a6092407,PASS
400,1787373212.7417648,300000,2,8a4642ebff0ec52d017061a68bc99addf96e5215ccc49c40cf560b33376e449e,PASS
401,1787373214.2620294,300000,2,1e8cd9eb27f1d01b15066853fc35667d649b99a55aa3da085c2147fc30abec53,PASS
402,1787373215.7943838,300000,2,3b01e94ed8b1bf36b5f80718a6f84a329f6a41602ab3365114e554e400498470,PASS
403,1787373217.3002791,300000,2,0e50d26730416bd408139b19b83e2ca7cbca6a7711e594947db85960d71cd751,PASS
404,1787373218.821167,300000,2,aee9b83432b7ebf1f3b7cf4ee39c665d77ace236af6d33ebd9d2cbc85b3712a1,PASS
405,1787373220.348064,300000,2,a18bb3d6477d56e4d8aadeedd7d92f37196d641d029f0626a1d5b35363d6baa3,PASS
406,1787373221.869165,300000,2,c019e7ac9b37d0128811e6a986db85487903dce914d37c3ebf64e67129794443,PASS
407,1787373223.4113648,300000,2,cc3df93facb47b349de8076b70890f114b91687ea86caabf81fc522c82c4bb2b,PASS
408,1787373224.9281838,300000,2,75678fd71df78f7fb62630ea9e2c1ea5f18f5af2cade390bac9ee6688fc957a5,PASS
409,1787373226.455429,300000,2,5616f509f442aef87003e1d0b520d02160136e9949cd124ba735806b0f63d85b,PASS
410,1787373227.9748662,300000,2,17b1966bb46e43d037ddee47c43d83813d3fcdbd8ea86083ac9cdecc40765da4,PASS
411,1787373229.511086,300000,2,63ca626e7dd94d67a13bf993c0320fcb293bae31d5564d7fe1b2bdb2f93ce233,PASS
412,1787373231.0466635,300000,2,02ff5c6bcf4e9d933baabaf44659511920ac7e6ef76164773e81001d7354ff57,PASS
413,1787373232.5678506,300000,2,40f745ba1bd934766fdf9a8c6e452da81907c962aa03b8fdb8ff2d4383426b49,PASS
414,1787373234.0890572,300000,2,8bffd176a9e1ce537aef176af4ae2b93ab441980ee0ad036f02cb8cf5730ea38,PASS
415,1787373235.622026,300000,2,6370fbe5129c4ed17c9ff492853bb8e43863afc8270bc254c90cb424d2d32db2,PASS
416,1787373237.1618001,300000,2,21025554115beea50e26d1dc3704e320c364db02c9d4e1ad5a765d38762c84bd,PASS
417,1787373238.5938115,300000,2,ddfa4b4efe8aef81cd2dc3891843f87df3549edf732875242f5663655c60c030,PASS
418,1787373239.9661043,300000,2,d002d346955457a19f3b072b039c4fd02e3a86537a43f69867564741622b96d1,PASS
419,1787373241.313664,300000,2,7577cb59ae19b9a50e588d970374ef2f790ca4c3a41d0dce0abc45ef0eebdfc3,PASS
420,1787373242.6641972,300000,2,11a97e768381a9648b959bf9cec37f5e41535f73d6df6fa27c9b5437cfd49f50,PASS
421,1787373244.0071015,300000,2,eb0b5f871eb3c5b8d7834353ce44b57b2add25c3f1f220dc97b77e57213fd87e,PASS
422,1787373245.3630006,300000,2,26995c871b91392389f64e8576ccf7608306bcf712fc61a4d5bda7924c68d813,PASS
423,1787373246.70845,300000,2,09bf73c5f6a650a1d94c217910a0421dbea2cca14489f09978e05280f5bb913a,PASS
424,1787373248.0631495,300000,2,63cd334bfb0725e74da1b2bafc0085fbb08fb57bba320271bff7dd44a9084476,PASS
425,1787373249.4115548,300000,2,fea3f44d1ce905302989c8a6138f23d10495e6938e3a8d0a332ba456deeaa5e9,PASS
426,1787373250.763556,300000,2,2dec4344c100764900c97566411a9247956ff823ce17e475da29b7c4ff375c7e,PASS
427,1787373252.1052678,300000,2,39dcb78ebf5c7aec974f1fe8e006ec144d7575269762ade989bf59d8e81e86fe,PASS
428,1787373253.4519026,300000,2,368574a6e99a2c2bbc80b4666b926869b174011560de21e7ed464cbcad9c7bb5,PASS
429,1787373254.826795,300000,2,f550197780d2c3039319096be90d6e9731f7edf8d5542f262d623b7d0e92225b,PASS
430,1787373256.3803895,300000,2,83106d480f0e3ec4eb103794ca2c3e48e3c579f864980071dc9edd2d8cf8ad61,PASS
431,1787373257.9065425,300000,2,3593ff71f4d08ed26d45def1a1ebc711ed7f64439560563ab47c044e85ec0893,PASS
432,1787373259.4344413,300000,2,d8412d739798e471fdf390dbed8078030b74a2f7089556623944b88bcaa1387a,PASS
433,1787373260.9527736,300000,2,a12dc706430da3134731f2cd60c0b9c936dc68ab39147156f0da4da24e09e6b2,PASS
434,1787373262.478143,300000,2,1f0ea714a4c34d89d7604b45fe000f63a20271d086d3f628c9371667e40a1f55,PASS
435,1787373264.00863,300000,2,4e95547084e8efbd4ba01cb4b8c1f78d55cbb04c65a350cc039b15ce5ec2bf36,PASS
436,1787373265.5402436,300000,2,828a59bac2053beb72278e2c29a8a8008e9fd406e82a25a732850aa808146cff,PASS
437,1787373267.0669749,300000,2,70ef647b2d70713729460e7a0fd12654282f0789362f715c3b83f14d44b616e3,PASS
438,1787373268.5859227,300000,2,350172cd040579cf630f9f87b96242e9b9ccedb482a0f412df9244044eea76bf,PASS
439,1787373270.1123655,300000,2,fac66a5b7377336bb6af9396e533e188e7a4777d1be9ec876eb855660b699904,PASS
440,1787373271.625558,300000,2,37355b55e7d9a8411b9eb18fd18228aced31ec5ef3a3d2699404989ca998f331,PASS
441,1787373273.1516197,300000,2,4fa2ec97b5cfffaed308d773430c3a641d50c32ea6efbf5b6816b4773a7da183,PASS
442,1787373274.6765196,300000,2,5c4130ffc958c78937105b7294e64e6351b2de972e50ce69ea93e3809438bf2f,PASS
443,1787373276.2000606,300000,2,267489dc02ff8a8c6864a5c7274cdee4691c1a43b50abc2a775ac744688cecfb,PASS
444,1787373277.7199168,300000,2,abace6e53c6ee2af9f8b1deaa40db7fb7f42c64a326d8bc8a169aed08f5afbe8,PASS
445,1787373279.245548,300000,2,6826ecfa7a9b8a9e87545480ad5b83bb77e24bf5cd178dad420751f499509316,PASS
446,1787373280.7490172,300000,2,9ace7d31b4d81240b68aa1bfdef7cf12fa2e1d24ac97390b635e3e3b402c0f56,PASS
447,1787373282.2707794,300000,2,d359872fc53824ccbde40708cdcf048199e38e3debda16b04173db1976643079,PASS
448,1787373283.7896724,300000,2,f0670540c2d9430d9624b51647e9f8837e4f2e9f98c48bbc222f164af479fd5f,PASS
449,1787373285.3097386,300000,2,1ab8ada4d00f9c24a4b13cff3ae00b72d480f1dc22cc2c60f66c52429e922fc4,PASS
450,1787373286.8345962,300000,2,47e90c55a0cfd7826b23641d4ec0593a1970e406aba31d3da950a2265276ff2e,PASS
451,1787373288.1920893,300000,2,0b0758cac9f7aa12aefe6e3027e610b763a4dd04f3c74e478be9d1b0f9dfe906,PASS
452,1787373307.1108077,300000,2,a9ed8a497d26b3691f4667df6404762557df745a277042e3d5e90903e793a21f,PASS
453,1787373308.4653556,300000,2,82e87971ba47ba6cee1604bc047e5cdf811486804e8671c8bdfd6a9591ca60eb,PASS
454,1787373309.8077574,300000,2,96efa9f17349db61980d9e8e27a3d8af6d20fd39188b71ae43bb76fa4d50d1e4,PASS
455,1787373311.1522193,300000,2,1142a1b4c9be2e168aca0ece2921cbeaae5b23e07d6d674933ecf47caaca25b0,PASS
456,1787373312.4993668,300000,2,555caa283b01aeae09df79f172e4f0a0e6e20e47916e7cb7d49336998c1994d8,PASS
457,1787373314.0516114,300000,2,020ba2bdd393ede12183735c0530c273268b14a9ff7301868546894478d5c412,PASS
458,1787373315.579793,300000,2,de6d5113008c05d0c6e1fd901cee0835bc490fd826fc3f14d61611005027aa0c,PASS
459,1787373317.1189542,300000,2,ebf449f25acbcde8428058a6f5b0b2dfaec83ea2fb24e6356dd52356d24c2b3b,PASS
460,1787373318.6411161,300000,2,73f62a4087f1664c8de4f2074575e810fc0b53a94ecb9a1158b60820441497c8,PASS
461,1787373320.1593835,300000,2,1c4730f5f69ce8ddff97012058891ec738fe3d77ab9f88a7345033051a98f9a3,PASS
462,1787373321.6886532,300000,2,2728d66da7f91632e21c4923ad310e041dd5bbf8e7b112173ba3cebec2e21e68,PASS
463,1787373323.2015073,300000,2,38d70202d3e24c540bc17ad6618b5267db15f78ddd9ab32656978354179d036a,PASS
464,1787373324.7138317,300000,2,5ebbc7e127dfc2b7086fd000d9d7e8efc80a4701e9259486950d120a6c1934a1,PASS
465,1787373326.2312016,300000,2,767709e141b628a77f959fbbea09359986e2d7b47410a8215642dec5aefb604b,PASS
466,1787373327.7587814,300000,2,24220e0c7aed65b457ce33b20466218712f5ef05b2e252b12979546342d7251f,PASS
467,1787373329.1235368,300000,2,40ba77d7e29557b696454d9e0f944fe1910ef01517b18156dd67096f23c1b882,PASS
468,1787373330.4732764,300000,2,d3e12f956b7dee666785b3e798da2362e365e1d0e0635dff4d18872017444a77,PASS
469,1787373331.8129823,300000,2,877e6d9921044129ca49ba99f5ea32d8e2d0774d4e52330ed700065cb30d934d,PASS
470,1787373333.165989,300000,2,294449507dfb96cdf28b92bd624f24abd38678e279318d0548871c1326aa0631,PASS
471,1787373334.5347793,300000,2,b6f9fb3cc0cf6fc5d5b588335f4bdff1653a53a2d670b993d0b867c80dbd37a2,PASS
472,1787373335.8814168,300000,2,310726815a4614e1bf2afef23dff99fef89ee8babf10edeb77f3b6154091680e,PASS
473,1787373337.2259717,300000,2,cb0fda147a2be00adba4af0955326fa1a775155fdd5d68c6d7042edf95e7c833,PASS
474,1787373338.5691884,300000,2,196c291ca18c86e3d0c7b82f391d2703a9a409ba956f3d395317dc19ec136b93,PASS
475,1787373339.9124386,300000,2,c98baf793f09ea2b21e62887f5127a04fa90da773add85c00f24eb8ab9557b75,PASS
476,1787373341.4581208,300000,2,2acc13af3991df663a85a7836ef940ac9dfd3eceba75e5e7fb107bc832e2c567,PASS
477,1787373342.9860513,300000,2,e1e4f1650bd38a19555a082f45da6d806bf97b462dbfd7d24759acb9cbc9038c,PASS
478,1787373344.5146258,300000,2,34192001c20c8d4b066507b92887e27f6e61092b29da9add9f2f5dd53d2d89c9,PASS
479,1787373346.0299537,300000,2,f8b792d616912666a179103d8c171d091715c07f54ba47b0ba781ae17b671f4b,PASS
480,1787373347.547783,300000,2,8b05b97d187b59292c237c31d32a34dad986fdafa764efab1a1a115de04a9770,PASS
481,1787373349.061606,300000,2,e88a99b4f240069639bdf7ac3228d5c426744a7a071db6b9f82aaf441614f9ed,PASS
482,1787373350.5740824,300000,2,351664230b5a4c7453fd656342ca926915bed4530160cda121415d07bb813026,PASS
483,1787373352.0853395,300000,2,c6fef5bfcee767df1f9285f5cedf021755b506c638f9b769186eb47972afa755,PASS
484,1787373353.601695,300000,2,132bf36a9c0e50909277a418969c27db0d7ff1a3ca3c8cf80b2117c470e38839,PASS
485,1787373355.1346614,300000,2,75d2d208d618f54eb6d8e794f7b4b7f8e802cb10b8a35cb94bf0f268c498d880,PASS
486,1787373356.6525455,300000,2,c4c209c90adec1ab3a3adad31648c2abbcd9723529ebae4749a00612b7445005,PASS
487,1787373358.1813672,300000,2,814e92f93c7a3d9cbc250436ba37e895eafc536e13661bd9c76f48638dd07d11,PASS
488,1787373359.684318,300000,2,10c245761ee400c8f38524cceeb88cdabf481f951cb14f9975184ed5d9f24354,PASS
489,1787373361.2035418,300000,2,e15d39a554fecd76eb9b24735a83b09e2e57d5790ac17aa228ab971e106e7c79,PASS
490,1787373362.7183855,300000,2,985b411733f94f6c1daeb66910d44af41dd4d1e5555e8f66370a271645a16513,PASS
491,1787373364.2437801,300000,2,634d2f7d395b9975ee406b23f9238c04c7ead6f108d7575574f09388f275a4ac,PASS
492,1787373365.6084375,300000,2,9ea961d1858e3d49dbf462cae97bcdad691bca486862d05e72a8fe16310ab420,PASS
493,1787373382.871169,300000,2,782b3962ed66d2cb3f658b7d85c288a1925b21eaceec7abff0e13d1b3dcd74de,PASS
494,1787373384.2248273,300000,2,36dbd139c665dc633f87aabf7c579680141459ce85498eed33ab52b117c51f4c,PASS
495,1787373385.5870452,300000,2,b52629876028d2d3531f440422cf66923ee9a3ace6c0a6c76df13585cf530346,PASS
496,1787373386.9490871,300000,2,6d9314832333f150fb329b3d1c2851b15b264c4dd543f4c29ec15104d403cf04,PASS
497,1787373388.3041668,300000,2,76a26bd69d292a56ed9c22caece892a1820d4aaf8acb41d12f1736506f725bdc,PASS
498,1787373389.6790633,300000,2,1e54bb9462ae3e9aab0ec961c371d51eee4443189e8c4ed69debdfcdd9a4d356,PASS
499,1787373391.0431883,300000,2,f08b035e110acf55454f74eb36d223bb2372245197e4862933af244f23db4bc2,PASS
500,1787373392.4142268,300000,2,64a6cad759addf3c57660c9c3628cf010df26f60b9975953c0c73c12c4e4c7d5,PASS
501,1787373393.7653346,300000,2,7c96da63791c26d97d2df45462b0165236d684f0742c96e3a7dbc84c39143511,PASS
502,1787373395.124757,300000,2,bcaafaa868456613792b46d0973223cf408255358d1fc652f1445164d00f2318,PASS
503,1787373396.485438,300000,2,338a7ce83e2aa73e086670bf4309290477bf69183b9ac7183a0569de0b81ca69,PASS
504,1787373397.858561,300000,2,69b793cf3979043ef5bebe550944e68809e5987040794e7ae13873f7af9bb994,PASS
505,1787373399.2176914,300000,2,a0b8f0c3ba447d6acb79995e2701528ee4123b2f5edad2bdd7a6042f83e54655,PASS
506,1787373400.5812173,300000,2,d04f794f5fd43b35e06e42c49481014deec40ddf9b5d31334aa0f7aaa354f55f,PASS
507,1787373401.9472954,300000,2,6017c91cc18706da5ee2c515f3f72accaff83240f7396364c1c0cbdc5970d0a1,PASS
508,1787373403.309991,300000,2,2a11d48f19e4f9ea8a78462737e85369d30e6cadeab5ba2c08747ee4c358be5a,PASS
509,1787373404.694004,300000,2,e71aaaeac35cd79964ac87ce11e980e1ff7c825796e7659a5b6083c4e8e7a0c5,PASS
510,1787373406.0575545,300000,2,6de0195fc758e2ce7d14d1b0791f87a1ccd74fbf4284a0cf6cfaed795e583e42,PASS
511,1787373407.4181962,300000,2,4765ebd7c64cbba3b49a7a2db0b9e5c441c0e55395447c6284ea367d5edc5ad5,PASS
512,1787373408.7794366,300000,2,9f910d26a0914d7007b23f8dd41a706e99ad175f02097e8f9917e8b5f52a2780,PASS
513,1787373410.1434107,300000,2,3ebd44efbc2a641a678946c2a6bb5b66de4958efeab5dfc1160c8088e3d202a9,PASS
514,1787373411.5074356,300000,2,3b421b9666fd28232fb0fe738fbb790e53e90b14d26dd342a7008d6f2232a3f3,PASS
515,1787373412.8647656,300000,2,51fda1b3151a10f6b25e0751aef71e98e38bcda3f64f10d66a866bc294f610d0,PASS
516,1787373414.2352104,300000,2,68c1af663f1730588248e5e02727c3da7ed30a36220f3b166d5345fda9b59d18,PASS
517,1787373415.593791,300000,2,fa1f0fdcde58d7f2d6335f040450fbee1a48cbc474021032e1197edae9a15a5d,PASS
518,1787373416.9491413,300000,2,5977ee010520f575bda3f2e1c3848af979fa97eb0f3b4b94997b37f34d8758b5,PASS
519,1787373418.3122265,300000,2,c7ce5af963e7d4d1442e3776f93dc84a3cdadd6f22f35e472b22866ba1888518,PASS
520,1787373419.6655488,300000,2,c35d9dbd8414d4e8d794e01a140cb0f2de95ff3cb39672d0d3429d47394fb1b5,PASS
521,1787373421.0187755,300000,2,2bfb1bf3f61004b9082dd3df825745e032406f534faa6f643e80256ab1dbe913,PASS
522,1787373422.3790643,300000,2,dbfca50014f06b1755d4b046bdf5cfe071b0299c3b1ae709c0402d6141bac51d,PASS
523,1787373423.7435968,300000,2,62abb67e1f80ae2c3ad61714ff07eb52fe808bb649b3c3bd54e0fe9cc0e2a58a,PASS
524,1787373425.1019762,300000,2,2581f89db2336d7fa1cf76dab6e9609297397cfc67065b88113b795026f708bf,PASS
525,1787373426.4538581,300000,2,c48671ab1f4e26908e96ff38781606d2db25f34142ea4c6a43910c4f66ed3b5f,PASS
526,1787373427.8114378,300000,2,e573216a498c36f3764893b0ae6aac81536c4bdb461023199ee37a71753dd669,PASS
527,1787373429.1754394,300000,2,986e54c11db62e9f65bc800f7c5e22a87cac604772e110c579d3f8a8880f68c3,PASS
528,1787373430.527453,300000,2,57d0f8efadd24eb69292ccaa4e453b066cdd564a14174b425a790c975ce334b7,PASS
529,1787373431.8918848,300000,2,921cf1f9a3548cc1e8cbae91ad84be21071bf2c59c1fe08efaebb45f8d9e4026,PASS
530,1787373433.2514205,300000,2,8a7e60d6138ba2491e4aacb7db0f0d95b8696a0fe74819644dcc27138560db5c,PASS
531,1787373434.6136875,300000,2,419030f0a730a9ff4f460e63ee292014f7e54e753f4b2ed24c7c75c9ea09344c,PASS
532,1787373435.9606094,300000,2,6a1e4c548a1f895855ea735ffd24d2060fe115c34cd52b82babb89b2cd4de1cc,PASS
533,1787373437.322699,300000,2,63bce0f8cb9f97b2723a1e5023ac298d218b5642af5acc3fafee445abd125b4a,PASS
534,1787373438.6804342,300000,2,ca75b299d952b2c0b104e4e88c3c5e440e0580863ac73dfc21a243b77a3a492b,PASS
535,1787373440.0309055,300000,2,78f3276cf78da39965e1eb462beedd610908174464efc39e1471295c13fb306c,PASS
536,1787373441.3913445,300000,2,32ad1f21b1a61c43a0e68ec151fc6c44dce347535d87157a6a959c35e04558d4,PASS
537,1787373442.7455173,300000,2,d822284c82f9e3358dc7bc8f03394d20c4188058cd586faee25bee83415fda87,PASS
538,1787373444.1007717,300000,2,add14e19faae6f7aed1e5575532b0ce33aaffb9f82818a391512cf181fa00c32,PASS
539,1787373445.452443,300000,2,a53c13a74f119727db4faf247ea61efd989f043bd97eec74882260e2c6fab8d1,PASS
540,1787373446.803263,300000,2,25bd319365ad04eb91264590c6b0cee10ce59f623be48c2d8fcbc89bc3c30b4e,PASS
541,1787373448.162094,300000,2,498088b3e9d20219c0a65a5bfd40cfac7ab12fa1599792985d1922991f7a374b,PASS
542,1787373449.5212464,300000,2,fa046fda76555cbab56ff6ffafc736e52d0e3d27fb959b48edc62b1e304787b8,PASS
543,1787373450.8852909,300000,2,041875b5128bd6b9fb8cc538efd8ed90dcba457265ce706941f01d47c2071f10,PASS
544,1787373452.2458599,300000,2,65f840d06c3ee181de226b0f62f07b41c662181e9bd7aacccca3211812d91796,PASS
545,1787373453.590945,300000,2,8a9366aa0bad6360b4946b35db2a0b19631668ea70599e19ad97a909a181fe84,PASS
546,1787373454.9833589,300000,2,224cc77be93d4012b1da74ab9420036ae0c4120261536820611866bf48360216,PASS
547,1787373456.3546195,300000,2,768205326b5b583e49c4d895744952f599eebdb7a98bd5f114d5ec4555a9d853,PASS
548,1787373457.7006218,300000,2,94bc5b3d37d89f06d51610590c99ca7bd27f964d304a1f92e7d3e42739dc5744,PASS
549,1787373800.5979183,100,2,4e1f7d1db4a9caf9f980d19c5a3742f0d16dee87cee67a20eb2123e5167944e1,PASS
550,1787373861.7678258,1000,2,76ebaf79ee2d791f22bba73b02f70fb498ef2910e5f897d48b81a02e6980514c,PASS
551,1787373903.3985722,300000,2,09538932c22ea83e2e20493324f13ac6c18c01b7ed2b7cb5fca7f8ea3abd11d7,PASS
552,1787373904.753807,300000,2,3caf9454c54aa256fb64c5f02af86938a52266141460a0cc75c69fe8489127c7,PASS
553,1787373906.1081576,300000,2,2f9fd6d3813826f1d63ee6399bfbc373e57aa5dc478c821d21f9b96db837ddcc,PASS
554,1787373907.6519265,300000,2,339da21a4424d6e9d2bb5783319544d01d2c8b2deb84b14501426202dda91204,PASS
555,1787373909.160542,300000,2,de421477c1ffdeaacbc5048c528cf79d46bebe912a59ada3e33a69426ac51a63,PASS
556,1787373910.6705592,300000,2,52b2957e70935c8cc67bcd5b60c9a1f96b2f8e0e77c3eadbb1f838738c03923b,PASS
557,1787373912.1824653,300000,2,ff9f33f52c59e41eb7cefa3cd8d072f453fdf17ebeeff10b67627c7cab24798d,PASS
558,1787373913.737029,300000,2,1bef13419fb5c10f1bedccd025b4e692ac009c626ddf16f2afae71ec7d105c72,PASS
559,1787373915.2389338,300000,2,e42374eb5c5267ab5de90952cd7484a7e55af90d928def0b5fba74f7e56d7178,PASS
560,1787373916.7515771,300000,2,c290b1c5f5afeef6fa6d53b2311916fae432d5468a751a8b33aeb443b84dc3cc,PASS
561,1787373918.261803,300000,2,06b6f034afec129e153178a67cf360a73ad111c78a8ec0c1f93153c64279918a,PASS
562,1787373919.7726116,300000,2,54169b2c49474961e4fea12beccd5466f386aea1a3294e8575b513d35a18507c,PASS
563,1787373921.3004866,300000,2,8854865b292fe9020a26d31d237c9d2b94f39d954d2c253c00915dc765220250,PASS
564,1787373922.8061187,300000,2,efe144b4e5eb3919dd9684472f0a460c416e0e0b24acc9858f3d47dc2b3635f3,PASS
565,1787373924.3213255,300000,2,06c27f7a780ff7c705f683cf0f0b24f99a249688b057aa3700ce2618f0cf7a84,PASS
566,1787373925.8355913,300000,2,b856826808323884dfb047904d8ec85b1b7cc4a7118787bd3d4c2fb4307198e2,PASS
567,1787373927.3546658,300000,2,5e4806632dbce319391ad5da42b72843e9e5c106147284abaa163ea8ccbf4553,PASS
568,1787373928.8685975,300000,2,6a0831cfaebe1c622c75a4c12446c1849d487e5208b4fafa756fae88e3346ba3,PASS
569,1787373930.3718998,300000,2,229cca9a785ea3c9e0d6264b063c92c5ed792e9505dc4749666ebce031a7a055,PASS
570,1787373931.8853061,300000,2,5ef3bdd1dab03010d96b3eda4d5ee903bec06e022bbb754484bee48b0765fe48,PASS
571,1787373933.4005234,300000,2,d5bd07a1f8593a1f3f732f28409576eb9247cf8242483fea7888edef57a20ec8,PASS
572,1787373934.9093719,300000,2,473e003410447d50f430b4748c5275a56dc878ba681594afb605265d2987dd51,PASS
573,1787373936.4163637,300000,2,a0eb5a6bbda26a6f7818420f21a948a2af9d6f5b26c17babc8af773bcf6d4141,PASS
574,1787373937.9222813,300000,2,13c211248e1d823da99a6d89861449ce280a120bd667f256f790362e240f2d07,PASS
575,1787373939.4278495,300000,2,6b5e90202294baba5dfad356bf46afe253e7cce0ae19c0bc028d8d0b18c0ae5a,PASS
576,1787373940.948622,300000,2,71dfe3b63d2651299dbc8346c57d8b8b2a92fe6709dce5f78e07af31beca5b5e,PASS
577,1787373942.4651978,300000,2,07a26dba35f1baab7374c9cdf272410b5518fa7bdb1a57bcbfc683d1a4cf4439,PASS
578,1787373943.9806898,300000,2,a62099b369debe1dcd3784dc778e10297be6853c59d9a829f9b0632990245d7f,PASS
579,1787373945.506657,300000,2,2d1a87785f1adc4f1f1821898ce7f7ce70db06aa05d3bfd02223b92fef3cf97a,PASS
580,1787373946.878742,300000,2,6c4ae9c1c3be0c5208033e9fd4abb072a9f17227680d2f7eff11fa86209bda61,PASS
581,1787373982.2676682,300000,2,45706f961e799830ebc1eabea4b495ecd2e5c51dd9a88304eecf2555174547b7,PASS
582,1787373983.6286094,300000,2,ea08c29625e5f3a95788e6e0dc2cb729e32fe8ca0e065b2e070de8cc8d8758ce,PASS
583,1787373985.1716447,300000,2,f922946a49687fda32d1e0be600df5ed069925c4d26bda947dfc11ea755920f6,PASS
584,1787373986.703038,300000,2,d832bf01c1aa0c2dbec42236d7c6345717f3e52cd0983a08ebc88dfc193e6112,PASS
585,1787373988.22595,300000,2,b084f9669f649389d529e4f716e53135670356506b0d9bd97c0c29ca031b71a3,PASS
586,1787373989.7408447,300000,2,5457f2a52506c268298d2eaf6383a0be27a4ea75778b7b2200d05f2a6f5965a3,PASS
587,1787373991.2733643,300000,2,95f98c45cd6bf998530fceda6ee1d6ab1f0fb6e88f2cdeb0d2dac42012d5931c,PASS
588,1787373992.7812471,300000,2,7256e70107c22543ff184279c9bc4543abaf90bfd1538f0f4d7cbba0d58a64ec,PASS
589,1787373994.2899594,300000,2,03b3ea49a577e76c24749901240bf71c5741da5492cf7c1667e12aa4e2f23dde,PASS
590,1787373995.7984567,300000,2,56ee7a9f59ea8fde4a6b57d4bef9463912ec65e43cc5833cc5eb264a7062e454,PASS
591,1787373997.3160443,300000,2,875249db3ef8f451c9f72ac07e07bb2cc2ca4e99581f6db6cbb756884ed50f77,PASS
592,1787373998.8257792,300000,2,bc47a989fadc3ab43cdd870d9bfca2028662e1d9d35aaaf166a54e4f0ab2cdc3,PASS
593,1787374000.3361528,300000,2,96c2d0344eaf6548ab871ea6e294f624856f85a4fd3dca73b93480df65f57368,PASS
594,1787374001.847241,300000,2,a9b0ad18ab44dac373853096e862c20589436d2f1e028c3f0fdad829e50ae157,PASS
595,1787374003.3552668,300000,2,76d0e396a72bb2529c77dfb2ea37606ceba9a821810e66fbe2fc88e2ec4b9c5c,PASS
596,1787374004.8717697,300000,2,635f65de0bcdba05676f54b54fd4e52cf8b9ac7e0e1446525f5d188f9f11768e,PASS
597,1787374006.3876114,300000,2,05f01bc41f315240b7a7db3d03bd5c60a212aa50ed78fefc5e4f3364c7c3c70f,PASS
598,1787374007.9007092,300000,2,1dd27b60ff0a1752b307649c92e934e52cf3bd41802afa8fd78760d85fc10db0,PASS
599,1787374009.4103663,300000,2,aba801bc0ebce6f128e35d82a5ac7c22a14bc5998ee8abaad37eb723c8670bf4,PASS
600,1787374010.9287484,300000,2,ad2192f95e49d36ba1a335624a717a44b5d2b114d61ddb2d42c2ab43f4e29c5d,PASS
601,1787374012.444503,300000,2,8b70de26524e29cc9c8420df0f2f7d98630aeaa94d7e2c685e1c735739ed1252,PASS
602,1787374013.960625,300000,2,8fefbb7d71342d66888a14179752297c9848fec3c06a54788f02c4ed9f8d6688,PASS
603,1787374015.4989316,300000,2,27622dc0b253f643dda531009acc8564a425aae9c1ced47c0d3ff1f64b49b25d,PASS
604,1787374017.0043807,300000,2,d15117ff1d909a262e2ef46c6957ac7bba16ece0094de693c25eec3a9db67e6c,PASS
605,1787374018.5131793,300000,2,c4be1c6521d6f29f3473ddf7f3c0613e0b041fb2dfcdf17e3036246d12b19887,PASS
606,1787374020.0330458,300000,2,37e4a26ea6430edf765309c8e20a823c8d59a0c2d3be427c101628eb67645c25,PASS
607,1787374021.5577703,300000,2,1a4a29974e9542c0ccff0ce026b91eeb800ef0eb4418794078cb5da579f50714,PASS
608,1787374022.9289587,300000,2,6f6df2676fa8bfe7f920c07258a4fe24058d6ea80586d51e7bc70023cfea50f6,PASS
609,1787374038.7568657,300000,2,41b22b3dac090f3b3e6abb6d46b9e1fabaa9f8be7546090b72aa445279115512,PASS
610,1787374040.1146429,300000,2,e073a64028f7b358a960377ab7ffd638359fc32a6f7371e79f30069855f8377d,PASS
611,1787374041.6508496,300000,2,33874c49e810b1a0e7375cc5cb701b692d78f22c53958d6d1b8c6cc2ebc18042,PASS
612,1787374043.1749463,300000,2,f9e88ccdda322f591375bf4310e3186f2a5ab9daec60ad6763efb6d75529e26e,PASS
613,1787374044.6878126,300000,2,0eb86d723b8a1119c8087bb3ed29d265c6d83c804657d1a69e6a5e67bb5e4510,PASS
614,1787374046.212112,300000,2,506e80413558a5db9e06f41beac3d34ef8d72237dd594e80b2de37fc36c93661,PASS
615,1787374047.7442474,300000,2,7e3a7b3b655df84ae453996bb9dac2d594eafc5ac7d7df37300f86d4c8171f2a,PASS
616,1787374049.2610788,300000,2,93cc35275a2186053fbbc294c21d7c2fd5d7caadb2c3ab6bfc9f72dac86673e7,PASS
617,1787374050.7823815,300000,2,d3ac6c2c7646adbc286d7e597341be95c5a9450df7c0ddafaa6c3944fe12d123,PASS
618,1787374052.296176,300000,2,66c3a11a9ec0ca57ea51af6d1e3037ac90c3ed5e1bd7ce5901d0e06981b1c585,PASS
619,1787374053.8021622,300000,2,ab68adb678a6737073098cd292cbdd2ded68f1d164e77a011daec75ef4f7e25f,PASS
620,1787374055.3245924,300000,2,6d0e34f61bff1a6d9485beebdf687fd97ea4bbec6bd486a940cc86c98eb9da82,PASS
621,1787374056.8451252,300000,2,5575dfa796cc2ce1244c6e2a2077a4a3c568f9e2e7ca71f822392ab434487ba1,PASS
622,1787374058.365798,300000,2,baf42092b84335a969f1162d4eaec8e035b31791511436a11f0fecd5392bdd01,PASS
623,1787374059.8840692,300000,2,fcce48c0fd1c80b4fe47471572c344d8abd2059679e649506d18882f64b90b49,PASS
624,1787374061.400662,300000,2,d64623dbd88f28fe8686f3516ab9768de6a7bdffb5290ef520e19eea0d67b38d,PASS
625,1787374062.9139533,300000,2,66a7f59a7c71ae91bbf4c10cab90d522b9e03ef39bcc29154236bed63b3f3059,PASS
626,1787374064.4295835,300000,2,f3b8e02544b5cef8439ac23fb464af90c32923edbd598f7f0d2396ca7601f2e4,PASS
627,1787374065.939491,300000,2,63d112decc77eca84e7573c83f723d33be543d5ce5d453cae0e8f276c6db11f0,PASS
628,1787374067.4746807,300000,2,c434760b58e9df3fa359d1ce9a0061fb151ffff54f942d56fdd02ce7ff5ce0c8,PASS
629,1787374069.0030172,300000,2,7b81c541ed3411357211e050fe0acc19e17466e928b20acbf5df9b27569b4cc1,PASS
630,1787374070.5172246,300000,2,2cb79b0f5cdda193265bca56918a6b7178a7a0ee234a1f05d6ce0128efaf29b1,PASS
631,1787374072.030552,300000,2,4e4f59b323ad828e0082248c5dea67981071448ad3fee349ef313b17232cc716,PASS
632,1787374073.5808659,300000,2,16695c1d1bca50448ec7c41edad8dc172b5b83943b10866d5d57b3f6d3af3e1b,PASS
633,1787374074.9296045,300000,2,ad48b4efa14f706e4bd5762cde6bb785603f8f72f97187d5a76055b4aed19a3f,PASS
634,1787374106.158769,300000,2,831651e654098a2dd01f404452564a63b9ec74144c5b073389b648a53931f960,PASS
635,1787374107.5252461,300000,2,3f34a4f5569e7b051b7b169da5ff73c43e5cc20b6e889400cbef5679d553c2b9,PASS
636,1787374109.0719483,300000,2,c2a56503208763a91f7baf79771fbda9b8c5fe59ebec574bd2f511ae930fd564,PASS
637,1787374110.6202817,300000,2,a4e70e2f3d087c12649bebe169178a118e58546730ee8aeae7511b13cee94a5f,PASS
638,1787374112.144824,300000,2,3a26a71f8b35411ab759e3195b976071b364d4a172cf00b03218bf06849ba3ce,PASS
639,1787374113.6815882,300000,2,d4b8b195f869656efa9d8ab8c5b51f0a8d51c901d4facc3e9e470921a346cb8a,PASS
640,1787374115.192011,300000,2,1af1dcc66294c8305f0f71eb1bc1db6716903ba1286fc19e9fa2746dd96c4bfe,PASS
641,1787374116.7073827,300000,2,cd65155c1e7be301d5b3f2a2e948f4f18c4e28cb0310d56cfb7dad3d81f6b217,PASS
642,1787374118.219121,300000,2,fb047e0d785bd0bb830b617c4e4abfc9523e7f0496cf7e16b43afeab758cbf97,PASS
643,1787374119.7322352,300000,2,07713ec2e3fb4b44de00f32c6a7b45b1eecb19f0dc56b0639c269485fefdad73,PASS
644,1787374121.2418787,300000,2,86132613d742eb308c65b79ddc0282cc17ad1275331369a91d2a407beaa5fff1,PASS
645,1787374122.7518818,300000,2,48616b8ac6965648546eec64ca026a4e55f1a6fb8c4950f2357262c57ed453ae,PASS
646,1787374124.2708178,300000,2,4eda053c25509fc2cabdb420257bdc6fd15c30ca822149370e1d6fe141cd5d67,PASS
647,1787374125.773784,300000,2,789a1ecefb720d282e70e765734c7bf7f6a8ffcca42e0e8b8bede252830d3399,PASS
648,1787374127.3029895,300000,2,59ab02f064c215232fc6370226e2328f3a4abd718ecc39420be4026d35c37308,PASS
649,1787374128.8200784,300000,2,cf76ccd49ed9e0b4edaa4d7843216f338739643d033497bd226cac47452356e6,PASS
650,1787374130.3315084,300000,2,c3866c8c8c7ddc15e021ddd10e39a480abc72b3efaea006d2b57af39c73f34cd,PASS
651,1787374131.8511076,300000,2,25e99951616877b0cf50c6f26144dc4722c22fbc126c38ff38784c901c9685a7,PASS
652,1787374133.3682883,300000,2,f44bf9d9ac0f2d2ec0606d07a636f9eed474b662fcf6d0193236d94ad9a63982,PASS
653,1787374134.7345548,300000,2,40bd80615f91a236484e1c9cc6bdb38e65ba54698f671017c6fb7c8f2d46530c,PASS
654,1787374136.0821848,300000,2,9ef7fc589d9f33f39a9687c72919c07503e642db8e2efe26f13e26c9a0bc778d,PASS
655,1787374137.6056905,300000,2,57f338d40b9af5cb8560b96d029a35c7c57d5e4d5547cc6a452f25fee4c26f17,PASS
656,1787374139.1278362,300000,2,1dd5a27dd4b77bcaac771901703c58a3c469c6b2195abded6f9f8d5bca8d85b4,PASS
657,1787374140.6521044,300000,2,214fdefc4fdbc4c68233650bbd68b7e5373371128995bdd4b44ac1db208f0328,PASS
658,1787374142.1618667,300000,2,97d7ee63b687c18ea8b2b5282aefc6e706f7f5c03a8419bc06d9425b6697a677,PASS
659,1787374143.6848667,300000,2,6ac20c4ed86729d54ffa9656a7ebafaa333f5b599a0d59261c33517e1c56ba47,PASS
660,1787374145.1925194,300000,2,20c54b7c7cbf3e074b408603a9a1a6ca59ecd743bee09e4063a51c229d0f533a,PASS
661,1787374146.5600638,300000,2,b8dd4741dcd85e0176e04a55914c14e4a3516fe792cf5e947902b4684357d523,PASS
662,1787374162.4027913,300000,2,6d45fbc8d477291fe298fea9e2efcd9c713e0217b1601562738c35dcada1963b,PASS
663,1787374163.7532184,300000,2,4fbb3c0013f9e63c5f11fe280af675bd6f170b5647b3d7c11dfeefc0be181482,PASS
664,1787374165.2979114,300000,2,27baa7bb04ed11becb404e99053a409e20ef3c656b4265ea78f1501c1aea660c,PASS
665,1787374166.8547022,300000,2,7c029e69c58ac9b58e480b43b344f18b1b2dbc095744c9d1726ba8714c5a01ce,PASS
666,1787374168.3796997,300000,2,e5a6c8d08a8e1352865a36fef7e280f3de6af23099ff65d357ba5d37d59db1eb,PASS
667,1787374169.906598,300000,2,293c80b64d3d012987ef5b76a60850f5cc4dba16e52842f5d5af1fe9b438fe3b,PASS
668,1787374171.4152617,300000,2,87965833f229b4fa6ca3a595feecf58a6aadef8f2ebaadc5a0a062cd2bf94671,PASS
669,1787374172.923109,300000,2,350021667b9db0843161c22bdfe173796dec259c027c506d4e0f6c30bd84efb4,PASS
670,1787374174.4382284,300000,2,e785f23b3173402db0d31f96ec00ed87f082e48da508a4b22dd60f58e8b9be6e,PASS
671,1787374175.9558876,300000,2,3ea787e17962dca17875cb016a63bc0c778c3dec299d2ff7782fe3aaf5825821,PASS
672,1787374177.4634006,300000,2,97bd601b2d35ddbfd63278740f15b6f621ffeeb5a659203511562b11ceacdb72,PASS
673,1787374178.9717162,300000,2,3ac4461be1a4ad2232f37c40eaab4669f23360e535c1b7c11645aa11102caa0b,PASS
674,1787374180.4819596,300000,2,cf8b689c309ce77e9d8c6ba68728a4984e6a29ad5c135043cb729876aefb2ecb,PASS
675,1787374181.9959145,300000,2,69721ca551b5d1a0a1ecc0517d30183c98bf45e5f576d56fb6df3b9296c01d09,PASS
676,1787374183.5099947,300000,2,35c189a3ecd12ea60705a29edd92b913aa3c51ea44a299809080582a65eee874,PASS
677,1787374185.0293138,300000,2,0ff26d8e64d156891f5a952d8bf4f9c70e9368c90bd9369f1b04ac9a9cb81a51,PASS
678,1787374186.5372736,300000,2,75f3b7d4d72d10fddb96788685b8e759e6bb16afe2205da6acd90d3775cd47ac,PASS
679,1787374188.0561137,300000,2,4a0f3fe586f71e00b1d22a7e97ddb7c5932f224826ffa682f996d14be0d6971a,PASS
680,1787374189.57816,300000,2,4bfd5b621cfc63484b035bf4d273b521c9247e84102b432988f66c4bed222715,PASS
681,1787374191.0966663,300000,2,58c302c76340165330c68aa0ef28f8d1c60bde00fdd116a012a0cab00253b12a,PASS
682,1787374192.6027935,300000,2,44614501e0e3425735358f33584949da3d2e570702c2b017dc114d4f9f87a0bd,PASS
683,1787374194.1225562,300000,2,f7293298cd980e79a8fb1c76a3db18cb1d90bc8edc2c6a043328ec16bae2496b,PASS
684,1787374195.6336498,300000,2,17036393bf7d8babdb43783f88f6fffb75279c852a1da961946e5cd59677a350,PASS
685,1787374197.1500525,300000,2,a1f547ef94ab6e250ab176c01f5ef74efba4936f99938a464ddf9ed4167d4418,PASS
686,1787374198.6643136,300000,2,62eb39c3869c5bf7194500b084fe01ff7bcf74a53abe250cebc628479e7eb7be,PASS
687,1787374200.1897924,300000,2,a4b059883c503ec263d342d261f144cffda319215dc86a6a84c0fb7e4cfa4b50,PASS
688,1787374201.704659,300000,2,086c891a980acbc1dc24d783cc04ff498a396b975b1c81632caa8b03294d04c2,PASS
689,1787374203.2247803,300000,2,dec90c81fb2490d250c4e7ecd0e4452aa089f425d1880936a774c13b5d2c92c7,PASS
690,1787374204.7350204,300000,2,c453477302e8dd9aac34107ed3c21213b229676d1db80677d9dc15e30fa4c20c,PASS
691,1787374206.2495425,300000,2,683a55f8d7fc1c6684f3ff03fbd2f9baf4cdfa21b834c142fa4c339133b6fa3d,PASS
692,1787374207.7563589,300000,2,5e2be0d58f59faac220e1f6ef13b2ad9cd3775f368eff0ccd12cea36841e5168,PASS
693,1787374209.2819748,300000,2,036718289d53ac5f338a3c579d19ebb401d2ea9a0d0c61fd60f963b2264b951e,PASS
694,1787374236.7406456,300000,2,1da242a109aa01c8add62f052a15e983991bde9a4e04709cdb0cab366442e32e,PASS
695,1787374238.089792,300000,2,7417b164d130842b7a325f11753b36b38bd54b48b9f4f2d485bb1485f1a9be26,PASS
696,1787374239.6836493,300000,2,7917b96584f00c5754b30b1aeed8ad76eb5f8a2cd4fcb63235313c8a9cfb1057,PASS
697,1787374241.1885698,300000,2,1173cf3034d4214abfe25c2c4ea524edc69ee7eba3cb421e47e09a3379cedab4,PASS
698,1787374242.6993093,300000,2,d90b364a1fa2bda80b153cac3bf922a674c8b0c476ae09ce9cc2dd09cf9c5c50,PASS
699,1787374244.2216325,300000,2,02ed076274f3aedc00121ce8b1e5533373cdd6a082d38886cf0a6ed934cca159,PASS
700,1787374245.7472742,300000,2,3c108f537339182e2496f7ea0a6684ebc580f20ce18b808e830fce0bf44e82f6,PASS
701,1787374247.2972822,300000,2,93d8e22857d62dfc166a65185dcb188eda4d4cc24337875393b0c908952ca3c9,PASS
702,1787374248.8476298,300000,2,8096232ee5dd34fe676db7b146003b129c83dc9f05e59b1e55e81d87d3b858e0,PASS
703,1787374250.368442,300000,2,7fa50c657d6ad60617e2ea6ea8b5ad2ee3ac5d08fe3a888988f7d3e846290f61,PASS
704,1787374251.889361,300000,2,7ab3342c1d2754061b3cf45b28653afa8301c14730ab0275b1ccead7f3637bef,PASS
705,1787374253.4198267,300000,2,488655394b16181417ce78cca49620585e9c2511c58010e6f29da3d90d1bbd71,PASS
706,1787374254.9524927,300000,2,dd8529fc70e7d76bd0647fb6cea67b84f8495a50fb800d6f540e5f0e07b16e6f,PASS
707,1787374256.4713354,300000,2,d530ee361130815bcf44eec458dc0e2cbe26f87e99cf4226543ff0b980bbb5c4,PASS
708,1787374257.9977827,300000,2,e6a45f934f2a09df152ed0a42af9e65695fb7e30470c3a1749fb14fe3ff41887,PASS
709,1787374259.52924,300000,2,a390f97bb11ae4f3d2fa338aee3451b63282a00ffef5d66447891c33763faa6b,PASS
710,1787374261.0564618,300000,2,4e33f02626999af372eb88f72032fcd9869631a70f22e623dff5d098bc468957,PASS
711,1787374262.5803013,300000,2,8816b077f6f7b010b17f15f5896c6a2113b334ce8aaf42b6459468778c199cbe,PASS
712,1787374264.1084337,300000,2,d80684f4fc74ff9c3557a9991da5048bed731b54db33ca76461c0e4ad027b42b,PASS
713,1787374265.6240265,300000,2,7a96383275f6904086cc13edf78a1b02110ca77bbed5661616de536c65648b71,PASS
714,1787374267.143051,300000,2,c0118357318261b16dd116afcb3ddda7f0eda363a93a70dfef67a7f5465947e5,PASS
715,1787374268.673463,300000,2,908cc5eea466bd27b492417e6605701e20597667275d4749c3cc0ed3c7ee8826,PASS
716,1787374270.2055652,300000,2,36664f45086bbc7dc4b18d347869a1e7439aa214a297ccfca4d8d16658652e38,PASS
717,1787374271.715559,300000,2,d7401367ad648b702e9984abc3d221e942e4568161cb120ad05b884381ececae,PASS
718,1787374273.232522,300000,2,2e772441f1143ad1cad799d8ff929513305a5d352441a881b0e7f0fec3e6ff3d,PASS
719,1787374274.7438643,300000,2,b9fd6352a34c64bf1cd73a435d20c500506a39d1e097b0f31535dad0368a28b6,PASS
720,1787374276.280707,300000,2,3d4772a68ef331c7d10754369ab18fa24a00644ab483c2580d81f92ed9b52e01,PASS
721,1787374277.751677,300000,2,1e73ace229e9ae9ad5748fee5e4df4147c375d801857851eb68445c71fb87ee8,PASS
722,1787374307.2225118,300000,2,efd614f62cc2ebc6bfbef30f88dddfcd65722f3def2f8ac1ee4ae5e41c5aa2a5,PASS
723,1787374308.768863,300000,2,a58174d832567881ad1ccadb5093836f6e41b3b811ba83f5f19748614c085f53,PASS
724,1787374310.2910855,300000,2,3efa24bc277e3c73709158015f1864eaac1593bdc47d3f0b2a5ac9819b599008,PASS
725,1787374311.8167264,300000,2,3e0a1b6f1ed748dd0a894b5c2e82352c15d7d07f0576b97ef3ca3251d756e6ed,PASS
726,1787374313.3422394,300000,2,76408efb4bde7facd86cb2e12667c25460f8e75d942ceb8b72cc62bffe916648,PASS
727,1787374314.8519692,300000,2,32eef3ec5b9652b135be5e35a9a29a28d07d016e89f670cb01cefddecef830b6,PASS
728,1787374316.3645847,300000,2,04b6a6d36133334854f0db6fafa90df37e08cb792a0af50d83fe39fee180f6aa,PASS
729,1787374317.8794115,300000,2,6a46433ef492d73336039c6586ac534b12cddf69ad42ed1ab571e0f006c024de,PASS
730,1787374319.3918872,300000,2,cf239a74d84cacb64637a956eef8ef1d41e8a28a909724d5bc1903f61b1c1431,PASS
731,1787374320.9060516,300000,2,11dd0432ed9acb7d35b5e03a80b26914015ca80c635b37f85ed170487e55b130,PASS
732,1787374322.416841,300000,2,008b65562fb5073e3464d8c220df927b271f14d6b5b420143c356ae68763c132,PASS
733,1787374323.931737,300000,2,807319d702fc1ded7d933fdf819674c9badfbd515cbba414888c9a438ede9e95,PASS
734,1787374325.441671,300000,2,c32dc53e16029c497a9789fdabdd399d766b15429d1ce1de4d2f18646de9067c,PASS
735,1787374326.955822,300000,2,68e27845568a0f7e36e5fbc6b67b34db18feb4e408fb3f3d1dcf16a50a0037e1,PASS
736,1787374328.4701834,300000,2,351f079d532e9eb6824af514db4f6b63693030ad0a351021eca9d6f58baebf27,PASS
737,1787374329.988677,300000,2,feb49b9e2496d4a8db27fc53668edb5c0ccb1707dec5e66b3bb3faabb3b6e7be,PASS
738,1787374331.49483,300000,2,f7437a85a91015482a441580b4220f636838b2dd8661592a8c3ee63e3f5d45b3,PASS
739,1787374333.007179,300000,2,5075fe869d3e5fb09985c50e5959610e30179b381258ff9a8de1a1432890573b,PASS
740,1787374334.5396,300000,2,db0a1d70ca38596bf20429d7fd3a97300edd7f5a0e5fe57e46f1de089235c45e,PASS
741,1787374336.061944,300000,2,11660723c0356e492d432076dfd347c79f6e9b08b785a0fa4cc1830acf01bcd9,PASS
742,1787374337.5830727,300000,2,3318a1fce3ee3f0c9dfe16001334add528e1089faa99358f77a2da6d95835350,PASS
743,1787374339.1195188,300000,2,af1dbd87e576caf519d8f369205f0aabbdfadbb45bc8bac74e0bd1b3e234a607,PASS
744,1787374340.6274388,300000,2,cdb08aa40984b3f2d17a668e1bf3b0f79db84762877b4f10545e3188f9132dc4,PASS
745,1787374342.1321874,300000,2,5a76c87b1c2f5f7e829b56187106de8d255a217236f9c8ce9063c7bd79d129ef,PASS
746,1787374343.6482522,300000,2,0d747d39394033967b3bd3f7884a141a87ba22f6b476211e1c24985f00176292,PASS
747,1787374345.0468278,300000,2,4a9c249a32c829bdfe411c9ed977ad9470691af3f2c3e92afe7f09e5d438bbda,PASS
748,1787374408.232496,300000,2,2b186c944bda0a773f472042fad42420c1f0d7c54c9caeed63a639b75f348b90,PASS
749,1787374409.6080966,300000,2,8eee872e90c4695b381229325a368c40fab28c5a13d567c7bc4286033cc95670,PASS
750,1787374411.154082,300000,2,20bfe7957614356a8fbff335454faddec555c234a903fef3c8590b3a572cc72d,PASS
751,1787374412.7003665,300000,2,b410ec56d95d7a34da25fd439ba9415b3c171670d11492a1165948523f09892a,PASS
752,1787374414.2319863,300000,2,04a55b4639e5a37be815bc8531e8f9bb1bd9e073de5197b1d7443458917de011,PASS
753,1787374415.763864,300000,2,01dec6fb713cd03b6377cbb44bda1020a4065ec3be0f1d31ef81ba7284b3aa58,PASS
754,1787374417.2848089,300000,2,8ebd9986b80ee70a35b27bbf0d1a9ee6741ea0002cc600ef191dceac7349fd56,PASS
755,1787374418.8035192,300000,2,afdec39503de09c1966cba1bf961d5171c7d9c2979c4d159a10d8dee8b39aeed,PASS
756,1787374420.3241901,300000,2,c8d37327c009be4d43bd1f6ed8c85657f8e38c9cea155a66aadef2bdb1e98708,PASS
757,1787374421.8412466,300000,2,bf37e40349b8549d8dd3fb4508f7a2ae1f457cf12081c5f96eea67bbf08cfcf2,PASS
758,1787374423.360336,300000,2,9fbad30feed501ca97a9a0077bdf8c04b26687d92a752ce125529c9f978f3079,PASS
759,1787374424.8813064,300000,2,cb4a6d014739960221eaea22367bc6de0b85586e9b929f362b7e2f44e9ece8dd,PASS
760,1787374426.3946574,300000,2,42792405178e3bfc3730687372ab46f591b46b5b2b9912d4dfc91121f4e1ccca,PASS
761,1787374427.9455822,300000,2,2f7bc5dbe34acc3bf79cc6d829427e0a28a936c5841a720f0386399ceaec8906,PASS
762,1787374429.467857,300000,2,be8a4537b45334196e50634862304f34cd15e85d1ac962a9d1eff3a02b530161,PASS
763,1787374430.9806175,300000,2,c23d4ebbf92ffed8a4fbf9c1089b0b0a2019a389935301b76f965e865406da6f,PASS
764,1787374432.508335,300000,2,046048ac841ee81016bc02f5cedbe90aa2998843397947e0012e4f8835bfc9a7,PASS
765,1787374434.0231867,300000,2,ed44fa963c32624358fdb480b5e4fe253a0c4a889adf7113cbeca8f2222af675,PASS
766,1787374435.5554602,300000,2,3da2b7a6e7a15fa0c5e1c68fbe3261f241ff58c3b355b75d0372030ea1475e7c,PASS
767,1787374437.07593,300000,2,91e782b6fd1dcb65ac16a6d7828327f6619f221c2ee32ab8870acdd449cba755,PASS
768,1787374438.5918546,300000,2,faa4e5f77ac572c293323a2d4fa8545c087c593faf8b878ae02cf15f8dd9cbca,PASS
769,1787374440.1223319,300000,2,7218b651a6d07d54876d666ecbd31d1ae1696a3b5fd5eecb95e8fdeb008a5f02,PASS
770,1787374441.642713,300000,2,4bc1f91b600abbd5122d360c51d16fbe1ce7f51896eb9a8f532ec5ce28c66dc8,PASS
771,1787374443.1701143,300000,2,bc19768a735fa388be4f0e6ca5d1080d322007177eca214158c6ad560fa5dab6,PASS
772,1787374444.6837287,300000,2,d0948eb41cf00de5ee3d245715f4a7ed920d6aacd9a2120d6404d01f20989943,PASS
773,1787374446.204918,300000,2,55a4543cc458dbd743d0aa5933626fbcb42321a4322e73f2b07f1c3f0439c5b3,PASS
774,1787374447.7507017,300000,2,54cdf5b83faea96d3db979132a407824f6746915186d373128223cb70ac9330f,PASS
775,1787374449.248495,300000,2,0adb43c600ffafd4030efb62ef6fa52669f01905b3dfd0581f67439852ce1153,PASS
776,1787374743.5058124,300000,2,dd56c494d88fc0bb115c31dbcd622ff00392326eb320308232349bf22ab0b1cf,PASS
777,1787374744.5397053,300000,2,395488e75dce8480d277de45e2832823d59b6a24cecd974843e7885ecc8b8861,PASS
778,1787374745.5656066,300000,2,6398bfb3aaf486f4c1a19f06677f00c5523aa73134a575a28efa7b08ea1903a2,PASS
779,1787374746.5945108,300000,2,ba5cb7de4757463c91cbd6071e5cb9d5bc724724a7f420af6775e1fc958f7f6a,PASS
780,1787374747.6258993,300000,2,859b31e357a9b93ce648c1cf03331a933f373608a70647e67e12d1689bd74bd1,PASS
781,1787374748.6604662,300000,2,97e6c8a5d745968d2c2eae5b0697012a59b9c9e3190cd0be1c9a1c0325d25866,PASS
782,1787374749.690454,300000,2,fdc097462528f315127ae3041c6e30304dcc60d1a6b45302bdfb41d7cb32c73a,PASS
783,1787374750.7232509,300000,2,26e77b339409691b31109cc5d324fb6a29b8d5312b1f68ceba8210d257337eff,PASS
784,1787374751.7689683,300000,2,f951ac4004a387df2e10f08268580847fc9c196f0f050d9da9b64cfb0125199f,PASS
785,1787374752.8151026,300000,2,353541a0385850895da3919f798557812885db8ee44de5feca906807d82be3e1,PASS
786,1787374753.857018,300000,2,688695cf3d62b1cbc7cabaceb9ce45a9d6e0b0e1a3fbc5477ff268a921d4fcf5,PASS
787,1787374754.9116485,300000,2,570eec193e6a57020b4533ec08d9bdb431fbd42775551e63b161175decc37c96,PASS
788,1787374755.9488256,300000,2,494d945a0fe1806ab362fd14e5917636cf4bdb37d711acb114a2927293951007,PASS
789,1787374756.998027,300000,2,5af3c373b4fb6dd7e167e1b451911cd24d68fa158a41e14ec2844ed1e84caa7d,PASS
790,1787374758.0419014,300000,2,7ef2867d92cb94cb9f00865bf9e32222045853b9885284abcfeba9670363f236,PASS
791,1787374759.0788405,300000,2,ba15b994dd0fc5189c8a9c9a72b0565cba5bd59beb61a48001eed801f19970e5,PASS
792,1787374760.1167433,300000,2,ff0c29db7c3f74266a3ebd2b894c1e3f44981acd63b99f7c67caffc2f7e8c873,PASS
793,1787374761.160123,300000,2,246030d4e6a8736ea8d009eadc1baea757912e8d7dbed171d39521a7ba380af3,PASS
794,1787374762.1954658,300000,2,74f1e72a9ee050b63823f4de2fcef9ca1ac47036a79b2644996f633b6ec80db1,PASS
795,1787374763.2327125,300000,2,30402cafbdf7cd2162b875e5f6f0358ecbcc02f3a18e596961299e8dc61e28d8,PASS
796,1787374764.2736728,300000,2,edc8e9a34b7c71e54a7ee223f86c40c6f3c02b8dc17ce9d3c32c874287266f49,PASS
797,1787374765.3105989,300000,2,1bd8775da7e7526663d067d1964817ee6b1f7bcf142b8ec13b54614dd2a18be4,PASS
798,1787374766.3482144,300000,2,d0780836b29d45c725b141f9bb37658107d679422aa2559461d07dc7f1fc6513,PASS
799,1787374767.3891287,300000,2,f33875a8320bd95b262b5315e143daf9c553b2ccc8e9f4b72ba1c36dee7542d0,PASS
800,1787374768.430606,300000,2,5681e6c387596aab93b4c4eb70cb86926cdcefc23f66ab88f88c7c27e69fcce1,PASS
801,1787374769.4837918,300000,2,d7b9493761a4e635455b368be85e28be1819927b2ad9bd589a14c567287f5028,PASS
802,1787374770.5235758,300000,2,ca02c69ec87fcbf1018f2151f45e4426f67eb53ee5aadca2119fa4e8722fdb2e,PASS
803,1787374771.5561936,300000,2,17cdf74a3eb7039a403e5091988b7e3aaa38fc6334cbc9f18ed550668e886100,PASS
804,1787374772.5923882,300000,2,e0a0622fc951d5e5ab2a393a2031cef35fd52aa189fb342b97a02fc9d4a74506,PASS
805,1787374773.6378915,300000,2,c3745465beb64da598aa3012a23f5befadc1a29adc9704e841f5e6a3f1d8c3cd,PASS
806,1787374774.6788285,300000,2,c3211f6797cc0e1baeaca7cd6731173eafd72bdf8c1db9fce08370aa6ac6f3c3,PASS
807,1787374775.709456,300000,2,677220695ace254df0b4424edc73a3900acb475e022778246d4769908362ee69,PASS
808,1787374776.762795,300000,2,1c010296438e4ed43f47431c2c92450e22ddec1e0fc2e7a2cc736511687b90ac,PASS
809,1787374777.7974005,300000,2,bc40e90f80b4e7cfc675e0f39e02e518b673ed32b5a13b130504d0110e80fe39,PASS
810,1787374778.8364697,300000,2,b38735617439c7b1390a1cff0225786958622c95e9aa4875d5d6ee148816fa88,PASS
811,1787374779.883338,300000,2,83c0bb560f19e6fd402fb04b2dd34b66b831ca4e769de3c6ecdf51f23b60e987,PASS
812,1787374780.9345086,300000,2,9b166138be91f455d3da308da36e9ad461c6847435613e22eedbd255cd7305e2,PASS
813,1787374781.9827187,300000,2,6d604c8d17278776d06674244f55706d205f6cc0290f338f626f4362e9e44b84,PASS
814,1787374783.0207279,300000,2,3fbcd17534e4fd9c9b20ea813f0da6035f3f7ccdb8d637a761b9e090b0b14a38,PASS
815,1787374784.0580065,300000,2,aa03f714510acd2725960cbd5abb3632a633f61c585b3ef8e9566b39b341f55c,PASS
816,1787374785.1024082,300000,2,9d24fd7e47e93106693e1bef4f3c622ca44d778f151c2174fa02b1f7d3eed7e1,PASS
817,1787374786.1504166,300000,2,677160628477bdb524340ac3c1f11a09a609f050978e75ea8ad20d16bbbc494f,PASS
818,1787374787.1971672,300000,2,5b4b6738222ef1cce707259afd9ee2597c8400bccc5706db3719edf957348a08,PASS
819,1787374788.233515,300000,2,e3c0b6aed01595409f5c807f555a87eaf6115093f175eb6b1dcdddc001661216,PASS
820,1787374789.267009,300000,2,ae1cec25cff71dfa97e8666a35cdaa7568e93c73254ac21639a05b6b852e73f5,PASS
821,1787374976.456483,300000,2,d5a8f08bdd76defafc702e7de7dfef759d82cbfb415f25ef843e880af4ea9205,PASS
822,1787374977.2434025,300000,2,5ded5fd9015edda41813ebdf2a5be7a4533eeba08c9c9eba25623a91024ee8f1,PASS
823,1787374978.038437,300000,2,927180423cf9edfb911e2d789ddb01cad0d4e1539afacc25c2e562f5cd4064ce,PASS
824,1787374978.8457804,300000,2,a86fc9c4621dc6976f9b456caf64c4d8603d28e85855275265421d44e3fbd0a2,PASS
825,1787374979.6373694,300000,2,876e26550b14533d8789ddd9a7b6681d6baa59c6d99b43be30e93dab5a1f7ca7,PASS
826,1787374980.4322467,300000,2,7786f90c39686d686965bddeb7536a6d666827da6a3234581d41adddd0eb7fd3,PASS
827,1787374981.2331066,300000,2,ef845f436fbd65a96715d6dc3c4c36935ef3ca12d9abfd2befcc0991b565840d,PASS
828,1787374982.0377557,300000,2,0139db2f2cd4a27e9d9462738b26c5069e9edf6fd00bfc7ce7debb5d25c2e219,PASS
829,1787374982.8375196,300000,2,8ba7130a45331aefed1fff03e74a3cbfbec1045257ed16852f76ba7eddc0e166,PASS
830,1787374983.629326,300000,2,6c5250f074d659ed5d3ea68a3a82a95b5401ffc2f8b43d534a191a1062a46dfa,PASS
831,1787374984.4346762,300000,2,5ddd376a870a48e6c4623f8a11707576b2559453a493d287735bc1c677890b40,PASS
832,1787374985.23296,300000,2,afd81a747094f4fb91d97cc0e7fde10221dcd0cee2f6039d842522d442f9f41e,PASS
833,1787374986.031589,300000,2,c5812d5d5f12411b995bacc8dfe243fd3f1d297953677487b14ce9dd129697ef,PASS
834,1787374986.8310714,300000,2,c22186fde24206d365c610873d0f0e14cd9c58332dd3e223706fa0dc0b5d074d,PASS
835,1787374987.6265583,300000,2,51df76696ee8c5e65c0f5a2a90ca2d95f27dc767b6bca53baf39f1e4fe265162,PASS
836,1787374988.4210234,300000,2,b6a74dc828b38211940741067d0c14d7061ee23c90d5d914fda51b0b4904a5b2,PASS
837,1787374989.2111073,300000,2,a713c92ce1b388ac463c375a29e833bdd2fd83a51cfa56fe90432f029627f016,PASS
838,1787374990.012853,300000,2,11b9698897e23dae04c803107bcd02eac19136453fa952585a0ce95d1999b79d,PASS
839,1787374990.8088658,300000,2,71db40e89663948fe72153d630cf2a3dbe6e45fb3da6fd79d3e25c4132bd3a1e,PASS
840,1787374991.6066058,300000,2,54aec4c74072579cff19d648b79a0a36572d76a0b77cae35f8bc9c652cce3793,PASS
841,1787374992.4050024,300000,2,7d8ee718692181ab6c59e79dcb20e9d05e332171a0b00744e7c5a499ea16f917,PASS
842,1787374993.1948662,300000,2,1315f49f1a85c58de6206f8a43675f96ded439fd1bdc80553425912e53a2d7e0,PASS
843,1787374993.9911654,300000,2,15ef1cb401de3ee1433a4ffae5b1f787979ee87c8e2e712eb50eb2d4f40bb2a8,PASS
844,1787374994.786098,300000,2,785d6dc8034b8d6e80f6a063a4a935ad618fddb48b429136c15212ca8e280ca1,PASS
845,1787374995.5842612,300000,2,42d3a0cf74d55b75468e1f484806627932ce51f915c172f92c93625d59861bef,PASS
846,1787374996.3741047,300000,2,ae1e21274f9fd4e3a7497a89418c48dcbb5026932ad9767b79c31477dc935166,PASS
847,1787374997.1654954,300000,2,37e84b8a98857da3c80328f317fdfb7e02c587f8ac9733ec81ec9d13a4e5e5d0,PASS
848,1787374997.960085,300000,2,509386bd10cf2b9927de83a01926bd976e904f393e2857bb97a11a284d8c4509,PASS
849,1787374998.7779446,300000,2,9077e1b00010a0e3d249e55616c508cf64a00255409dbc9af2ccfb5e7bf6dac2,PASS
850,1787374999.5827286,300000,2,f2223be9435a9fc92e5e794a131ea7fe10967e93130dc31c72fbb36d98ecdf88,PASS
851,1787375000.3759577,300000,2,58070145471350dc1d26a52f9f9f3c0e768c93861248a73aeed68e7317e4e1c0,PASS
852,1787375001.1796732,300000,2,430bfe34d7545e7502b4aca7b24e9a31b4941d96ac3adeef2bcce6d0b2ab1e00,PASS
853,1787375001.9785595,300000,2,4040b01d69a448bea9887a2eef8971cf4ebcbecaa926f717bee74cddfadbb30b,PASS
854,1787375002.7794688,300000,2,734cb6571c42f02d6e927a3d52c20acd5b68f2d02bc9921492f1ba4fe0154e5b,PASS
855,1787375003.576579,300000,2,53e525565c9a3fa12174b658688a5e1d1e39eb06be3c89ab0e2f08360328f85a,PASS
856,1787375004.3708122,300000,2,8484805243b933c32e8e67baf1b6e40870b676b20400c0aea169d310a028850b,PASS
857,1787375005.1631901,300000,2,ed09dc19d29e074d8ac0af08750bd5597575a23041421571fda43d9596000322,PASS
858,1787375005.9569705,300000,2,c1860e40c0476ccdbd1e0341098dc3133789e38a83686aa335b7ed9c4e0f748f,PASS
859,1787375006.754498,300000,2,d4db245622c55e6dc4c0df5fbe2cd0939d8add7ef83bde8b8490ac52959b4451,PASS
860,1787375007.5540664,300000,2,6a2ef16acccf0402ec7804b9dd525725fac9bbccbb10daffa7398cce521cdc57,PASS
861,1787375008.3512099,300000,2,17de606265cbb9bf447903ccedd035147439181a992ac198445123e4b7d6fd63,PASS
862,1787375009.1492267,300000,2,4ad474450ce5377ad6aba09eb9598b5cbcfddaf800d70cefb77db4832b58ca0b,PASS
863,1787375009.9428682,300000,2,be95497b9031da092cca99d5e38943569aaadf03eceea9d15658f74cc3b7c419,PASS
864,1787375010.7371197,300000,2,dcc2fea2eba907ff19a63ad8bb601f08844eb66a685a5b93e104fa88f14d2dd7,PASS
865,1787375011.5328245,300000,2,0c57c60469a8ec921fec0e584d0f5e7342b05b51799e1af91c9d0388a8a7feed,PASS
866,1787375012.3261306,300000,2,e0ee3336da5b5ac18c91f3d7690fb0f1248db3022e15fe61f316141dbd1cd078,PASS
867,1787375013.126085,300000,2,0b6b2b84e79b89a5857e772c2d6825384457c25fb8a0e619f316889ba79c5d4a,PASS
868,1787375013.9194167,300000,2,0ec4f66858736ea63c96546d2421a2c5a142d9cf50fed4c01095201d9868ffc3,PASS
869,1787375014.7140756,300000,2,46e5a3ddafa5ccf2d6e3d45547934a7224dd73d28a03543231ccb164029da1fb,PASS
870,1787375015.4992309,300000,2,7b3749b4ed4c7c2c92e0f2a82fca923d6234d093e115cd6b65629cd230d0ac0d,PASS
871,1787375120.6870925,300000,2,57c2777c297acd80288cd9ad22f512d003f2493fb183234cfaf7d4073ba2577c,PASS
872,1787375121.472022,300000,2,dbd9a8ffa87565e5415f702b1ae0673af031d48ad212fa13ee2a2d8f1ab1257a,PASS
873,1787375122.2561228,300000,2,809f863f05472b6fa1250b46562d8954d7562dab460b6dd3fb018313e5917a36,PASS
874,1787375123.037341,300000,2,af543879061f855f3c2fa6fe652dc543c17f544ed4f9e95229a5a65fe2cd80bb,PASS
875,1787375123.82975,300000,2,92a85f3cd95cecd5a0f314ac733b31b2418cbfe931dba029f45c893b70f30a26,PASS
876,1787375124.6420975,300000,2,e2a964955315f505764d63c13d84fecf3ab129955ca5d24180eabd1b445160e1,PASS
877,1787375125.447701,300000,2,7e2189573b9da53cc9310947298d5027bd7004e0bb60cfbe4c45239d46133d58,PASS
878,1787375126.2589343,300000,2,356777b5ff1bf6a9b1c8ef4391df5e2ef99943b95d37ccefc986360bf83c377a,PASS
879,1787375127.0770068,300000,2,15527525d867106a57635fa75d80666a7b812de8a149907c858989fa253d3352,PASS
880,1787375127.8922038,300000,2,fcaa8df2a9c9575404977e313d62910c8f145fcc0e6d1d372b531140d1ffe644,PASS
881,1787375128.6993818,300000,2,f54836896ccec996ac2892fb1b5d38b5e31e627a7339a9bbdaab281ac1a4e13c,PASS
882,1787375129.4901812,300000,2,5e696a0bb98d07b8d80f681ff9061f89df831bb8030835241879fd54b619e595,PASS
883,1787375130.2912014,300000,2,7abbe34500dcd1d6f8103eb38957c176d09c8095273851c2531a06ff3e7e1350,PASS
884,1787375131.0982985,300000,2,93cd42525ad1394c28356bf5f1613bbd7634bf6b89d1cf6b27304cf340486647,PASS
885,1787375131.9122531,300000,2,9b704be9e0552967aa99200bfd2079599dc8fac5dbc838f31414de34177822eb,PASS
886,1787375132.713475,300000,2,2de228013c2bf6e96d5122291ef036c3a8d6246e31a847e5619212d9021e978e,PASS
887,1787375133.5084457,300000,2,22faf06fc6c4e39b426bacfc4fabc1b36ac8090c15e004b9ebc539704a55b08a,PASS
888,1787375134.303615,300000,2,88f9f8d4cd9a23b5e56753a8f35ccd57d8a640edaca5ca4e4d0dfebec8e0e733,PASS
889,1787375135.1000466,300000,2,f215f0ac0f34f5c0f8af08e42f14704fdbe8333170297c666ca28ce31f77a8cc,PASS
890,1787375135.8913505,300000,2,6bc0ee8cb800e3fdc22ebba9f5c1065c43c01fdf4975e2a6115e88c6f9e3f327,PASS
891,1787375136.6866066,300000,2,3de37a8a3256a83e31c84f919c81cc7777451a9276b381112f8a6c95aaccccef,PASS
892,1787375137.4867146,300000,2,89d5894dfb79a8e1517920a7a5251bf6a86fec3f6ae3939054d22eac6f788b94,PASS
893,1787375138.2926877,300000,2,41271259a10225f73964b30228ecb3666e8734aeda42e3475661c24eec7ab4e8,PASS
894,1787375139.0865736,300000,2,d66becd4385a64b0d80bbda246860133339181b416d6351f4688d56b02f1ec58,PASS
895,1787375139.8893344,300000,2,f242c93650e27ae02fbb09d3f42a0b13828c9f552b43f00e2be8b051d8e400e7,PASS
896,1787375140.6960132,300000,2,b076b85ee4a554d2b39cf925b23eb6890f4cb47a49d9033d287b392ccfdff810,PASS
897,1787375141.4990027,300000,2,4ede3710342aaaeae0ff5d05913038e1f6071f626bd576d514e64c8735e380cf,PASS
898,1787375142.3023763,300000,2,53b90258804f334e58359692a710fd1e8c0861db5a1c0c83e7822efcb735d6e4,PASS
899,1787375143.1097028,300000,2,c7a164cab270c2e34d74b657dc7a7c2b4027bb11330aeb8b885118b64637c60b,PASS
900,1787375143.9030852,300000,2,0bbd5d4339ae6afd9644257183f27188514341eabcf123698800a63d18e45e2c,PASS
901,1787375144.7052834,300000,2,11284e0eae4e3018bc679c7e1f9bbe44b830e92a38cccd8d089d664c1d559665,PASS
902,1787375145.508204,300000,2,4e7ca36984929f18d31984088d07bf450b3c8bd567b1806200a1063b40fa022b,PASS
903,1787375146.3061154,300000,2,bb6b37dd89e9c3836d7922db9d3d841a7ca76413daae9f9d363d5316cca73414,PASS
904,1787375147.1076996,300000,2,96f7507c54526099c17b89344c27489efc0a75861fc767309d4c73853461e248,PASS
905,1787375147.9058907,300000,2,cb4822662661d71ff6ea4d6390a4cbb5b0f43c90e27e0986c73195de5732b790,PASS
906,1787375148.7018135,300000,2,1d5927443c3badaafba621e522dfc23ba9360825e365e4ea7abc0ebc9cb9e80c,PASS
907,1787375149.5023005,300000,2,ee683d4e31f96021769e85cc6b3ff8f0ec63c45856fc648b1155423410eb732a,PASS
908,1787375150.3003998,300000,2,4612b2f18c1c9f513bff0c96869b594ebd527e48cf7f13eb0e82bfcdc9f7423f,PASS
909,1787375151.0961187,300000,2,06a7fdf1f9b8615514970ac88555dd6cc2286fb1b5a1a25176dc25bb95e09769,PASS
910,1787375151.8963003,300000,2,7345a2dd459179c5ae8cb519631bcf58cd9977434bbda450ea746434a58ca114,PASS
911,1787375152.6958168,300000,2,a66c55ef89858f70b5977ef878458ee6c8995aa1c7cdaf295ebd92f69c1b7dac,PASS
912,1787375153.4896538,300000,2,87d977f24bca5909129a775e139ab55b2ce83863528c7546e7f1a67c45f05398,PASS
913,1787375154.303307,300000,2,9b23ad02fde17e5472e9a51e625c6f2c8137373d1a0b8f99d24f11b12870afc6,PASS
914,1787375155.0996652,300000,2,0c0cc769cd6c6e01a5ca3289885da2762626267e83eda2fee4280f1d1384534f,PASS
915,1787375155.9050684,300000,2,0be93118c3b1acb5a4e8154f777637103fd6ef2d2ffe2f3478747b5b10698885,PASS
916,1787375156.7079346,300000,2,79b1a8c59077a2c54af767262ce931565ab8c111d108ddc380622b019272d99f,PASS
917,1787375157.4989793,300000,2,bd741e97f5beb5f5ba1da680bbc6484d709a89a493024b46db25b37dedbdebab,PASS
918,1787375158.2997925,300000,2,61c394ab76f1a39ea216c72a78ea82f3aeceda8ccddb935c258475f1740f547e,PASS
919,1787375159.0950942,300000,2,459065cd74834a783a885825cdace63c773fbfa81ef3c1cfbcc8a285a072a7e9,PASS
920,1787375159.8956597,300000,2,502fee8819d07175943e4c2274e389d40b77c07437cabb9d63fea1b4e8ba8d24,PASS
921,1787375160.7018898,300000,2,b137d24a2b83bc1c09dfa5408f4514f66a9ae1cf9d1f3405c67d8034d8738537,PASS
922,1787375161.4976082,300000,2,b68a30b6c1b7c71582b0c25690048564afc542d3e1eeadbb74d5fc29de18ccd0,PASS
923,1787375162.3097303,300000,2,d5f42bc14529c14ec97e5e21d1385c0842230dd20bd65f15194666f0da3ce5dc,PASS
924,1787375163.1132474,300000,2,4779656a28f6dd48867444a3d4d385b1a06d7f6743345c38cc10c86518ec0cbd,PASS
925,1787375163.913265,300000,2,0e06992cb71a46a13aac1fe4236217ff9bbc4b192c0bef641af2dffd814e0eee,PASS
926,1787375164.7229004,300000,2,a92e5c60234067896b616429eec6028371b36c0563b9ec271e5b969d7a783e6f,PASS
927,1787375165.5358005,300000,2,cef1f9538a1e86ec436da3b713651c17da9920d6564036d14fe632f6b9b32c04,PASS
928,1787375166.3452802,300000,2,7740d09ffe4e70fbe812edec48526f38afe3af020b3945f662be4d714c2a087d,PASS
929,1787375167.1474833,300000,2,ced62ab15339ddf1c0bca0c74c5a2e9c65323aba55241074d2a48d6f05142afc,PASS
930,1787375167.9440842,300000,2,dbb6017137f139beb452a7fa943735e9c5a6618c20f9a9b2cdee4a5bb5ad6594,PASS
931,1787375168.7435334,300000,2,a5aa93e4f5a71aa2603eb6b8820507b3979e2418d31587ca97f9c28b49f90fb3,PASS
932,1787375169.5456202,300000,2,21a9b901c6793d3bf0183efb5aac8a7a6bdb552fc871fc126445054b686d9f95,PASS
933,1787375170.3432815,300000,2,0c8f7f9fe1e621bf9c3741d0749b84f1b4705b70832a21d2ceb363b762471d6e,PASS
934,1787375171.136226,300000,2,0ce1927788d17b464e2217a18a8893880698b6450b29b50f83e95d65c2acc796,PASS
935,1787375171.929375,300000,2,43322d010481bff039e55328836ab714c70277f08cf33e4742994aabb4f355c8,PASS
936,1787375172.7232485,300000,2,7696886648ac0e954a66382562ad88880883a995c049c3634346e99c63cc2e22,PASS
937,1787375173.5100806,300000,2,d45d4359919293a51a225adaa9974f8cd19fe56170d92ab1ee0343a26136c15f,PASS
938,1787375309.488774,300000,2,66d627dc695ffdc97d9d1e4c007041b8b31e74ae70396f7f80bd089d6c0f18ed,PASS
939,1787375310.278638,300000,2,93a2d0335e7cc0273af43ec1832d6858af4507ae1e26c1bd53190aeb73ff01de,PASS
940,1787375311.0614703,300000,2,70fcd3891600e4c1e0250ca7c15d7437a854949f23ea3b860ab1cb77b1a5cd90,PASS
941,1787375311.844486,300000,2,3df01d09833e60ba4c575d4734a6766259696ad1b20a5cf0fd842fab0e06d7c2,PASS
942,1787375312.62944,300000,2,7d45d3e605092c13cfdcd31df93b177b6a9a8459c70bff7d1d64d6ef4d2caafd,PASS
943,1787375313.4159694,300000,2,f74356bb0027e715bbe8e1e41d47f55588c077e1996b4627f0ccac0ad1aa46c1,PASS
944,1787375314.2252462,300000,2,4fffb64d3e5c73b9a4dfe6b9353890b2d14b47bf0b462f818f26f6092c550418,PASS
945,1787375315.0280457,300000,2,14c454a12cbe8a82c8fd1f467798606e98ccd64def5429df84058598827d727c,PASS
946,1787375315.824252,300000,2,2732a656381b63977ca939557f2675a432aafa1e0816bd10b5ba7d9d2bc8b838,PASS
947,1787375316.6296675,300000,2,a582f9bf964c94a5c699b87be93b54ee464a8ae9ecbfc86e101f8c7ad334ef58,PASS
948,1787375317.440423,300000,2,651faa4ea526a3b85c8de93c354a6c4801a3e29dde4379f4714989980b452aa4,PASS
949,1787375318.243794,300000,2,a4047f6dd1c4607951bf41f8ba902ebd6eac0532e820f279acaf4e93184ee0fd,PASS
950,1787375319.0378203,300000,2,723d6c59d165cb5c0f8d51c65d4cf07f6cd4c5bb51b6a25fab135922d313614a,PASS
951,1787375319.8284883,300000,2,6874e5b51ed2db44d0de3f40cdaa39f5d5bd4316991f5a8aa513437cc8bb2f78,PASS
952,1787375320.625353,300000,2,5d4d02a84d898374e30091d95d3b16ff6cea3d1cc5e89039cb181cb3eea53fbb,PASS
953,1787375321.41979,300000,2,3e18b3ed3f46e93e2878624a1e002754648ad5f6661fae74dff10c3c15154a1d,PASS
954,1787375322.2128117,300000,2,4e4971fd0283cf4c5f50a3efbf033d430d4052d51e88728d42c2bc37b25dccfe,PASS
955,1787375323.00932,300000,2,aa79d977cc94d75f336833fee7798d9c1ba25bddbe96a4da98ed03185833abb8,PASS
956,1787375323.8046844,300000,2,7866532207477cac627e0de7d3e00ee66eb7c8cc9a3aa80626f9c6a792daf610,PASS
957,1787375324.6010368,300000,2,be72f3a72ef2d12fcbb93aed5675489808d68eec08496b5b7a38296683ee234f,PASS
958,1787375325.407679,300000,2,f31d4ee809edc2fce3811cd08403a39f00a2c3b5ed7faf032221d2778e4af0bf,PASS
959,1787375326.2045143,300000,2,a88e3748a2a8a4817310d69c804c8e90dd7f50130542957db6845513e3f75e2d,PASS
960,1787375327.0113792,300000,2,c4904981f56263148ade5e0a41e24a7d08d0b4c818af895b86cb2b27d7f3636d,PASS
961,1787375327.8182995,300000,2,1f209a7528386ebd07a54cdc817d9fde51d1bd16a8d6a72a22871ec13b9a1187,PASS
962,1787375328.6011052,300000,2,fc4261675890bb37046e2043e5be94e386793111e7f724770345aa9dfe2bf8c3,PASS
963,1787375329.4050734,300000,2,84167c9da1761c8858373aacdf76969e54a1dcf28c45eed36f2459540628151b,PASS
964,1787375330.2042067,300000,2,ec7f3e6d24aac85db234f7badd406c7b0fb81c7f8dd1dabcd6ecce5fdeb52bda,PASS
965,1787375330.9899604,300000,2,60ca6bc00e25d369d5c27f7534ab0e958dc4f25efb2a3ccdae6477c9d6b948b2,PASS
966,1787375331.7892854,300000,2,f19a66013a220aa849fc518b14b59d72a4463aad12f3b9ec0bb327dfe6766ab5,PASS
967,1787375332.566236,300000,2,08377b1d223867024d0617121d38c351384010f946711e9986e6025afaf16bb1,PASS
968,1787375333.3488965,300000,2,24963815a5aa4319d94cf8a2d80a8200cf16c8f843a5d75c4a79bb58c4b8ade7,PASS
969,1787375334.137575,300000,2,fe6763297131d0d870f3ee4ee5f26c1b8fa791c6929a3a7dd7fdc568fc49004c,PASS
970,1787375334.9156747,300000,2,0eea8dd284fc898616340e134b2aba79df58e8ad22a9641fe91ec3bd78f6b317,PASS
971,1787375335.69592,300000,2,1cc9f4e0465c838c46a743ea5001174d0819c862540beac370d93a12fe19e272,PASS
972,1787375336.4953957,300000,2,9b92be4a29286cf28d3dde3ce30c2414512adb7941e610d37a779945994ed2af,PASS
973,1787375337.2721806,300000,2,49d847a085b3becd95596b757aff27cc05633fc3034e1fe8e675f45b11705e16,PASS
974,1787375338.0499601,300000,2,e71653044a4f03af7d800bd8308f31781102bfdc60ec1d7cf5af5a361c967a7c,PASS
975,1787375338.8470595,300000,2,24b2aef35e18b638155ba72e02f595488735e3d729ec769d7a326d3c7450d08c,PASS
976,1787375339.6463237,300000,2,27f017a6ad0a127066c52fe1bbe886d0937d0194b89d97b2dd33f73e451917d3,PASS
977,1787375340.4443579,300000,2,9eff0fb15407d59f66b7d28e9cbec22359f9dbea8a5c8624364b972f68bef6c1,PASS
978,1787375341.236876,300000,2,386757d67c572738c3705741fa8695296885a486abaa6bf2e64449f58a630b54,PASS
979,1787375342.0373695,300000,2,a7d24fb2d6cfbc4acb349a31ac5f89182c0b6069c8e4dc47e7d11f1773f7dedc,PASS
980,1787375342.8339448,300000,2,6acd422d380edb97396970e60a47e6a0d0d5e64aa6b5902813f29c1f26db581f,PASS
981,1787375343.6333556,300000,2,92a933b3395b1a4448bc05fc2b94551fb777d1b751a13513c22e8b63b244444c,PASS
982,1787375344.4245138,300000,2,bfd4084c05c8d5e9f3e728c63e7e84be177756df47381110a12b2949c533f999,PASS
983,1787375345.2226605,300000,2,73989257bb42b9dde61ebf1a6195991733a64ad95394515d5dc7a296d81ebace,PASS
984,1787375346.0078316,300000,2,71960b8983cadc19038cacf3a8c49e54022313633a7163152bc0befa9e466038,PASS
985,1787375346.787928,300000,2,b93ae6a6a8d5fa27704436a1c82147d66872832d56fd29a7eee2a4db3c2999f6,PASS
986,1787375347.5820985,300000,2,8ef5c0187ee2f43b41444f83bc5d9dc5151366ee9b0527604c9ac2340cf03dad,PASS
987,1787375348.3711603,300000,2,9a3580ff4b49f935fcef27b6158202bf5a3f4ed4a10247bee14e9805f0633a99,PASS
988,1787375349.1582804,300000,2,dc8e45c59a564998d208344235cb06c1497f262ec3e384317ad4b7ce7aff2d7a,PASS
989,1787375349.9554315,300000,2,9ac2610b173bd9aa7acc42312de5ac4cd530e57020475e0b30641aa7298ac997,PASS
990,1787375350.7419388,300000,2,bf52f9d3dd6bf256c2d7c494197b85ec7f12abc45ebbbd7bf99166d46afd63c7,PASS
991,1787375351.5227575,300000,2,c826028d5e334ce33f2c8947c6b26b34e9dfd096da6c89311c36b480f4531b8b,PASS
992,1787375352.3047895,300000,2,454efe89258cfd35f5006ded07e21903943f7d0fb98250711c35b8dc5880f649,PASS
993,1787375353.0851672,300000,2,a8b3adc7bf2d4cf8a09056380d116c147870c39bd2734bc1a0a62228c8ad9f04,PASS
994,1787375353.8669248,300000,2,952940b616242bdb4f9b3b30c6ee8aebc73d6a9290ad68fd2f95f91b0a87180d,PASS
995,1787375354.6462288,300000,2,d8097d55bc74dbc63f6b8367a9100930e5e0dedfe198a001e8b318efccb3fa29,PASS
996,1787375355.429512,300000,2,87472c549f01417f4cc79ba4eacb56b72cee8db2afe7e9a3bb166de0a9b2ca96,PASS
997,1787375356.2171683,300000,2,ac96a51194fc6a26903666c5f3d174ffb7258319525e91953f4e499c555d3e3a,PASS
998,1787375357.0058043,300000,2,d0c710d2f1de83aeca1eec86f9e9ae0922166b8739703c6733203a5827121dba,PASS
999,1787375357.787694,300000,2,c7b21e346fa682665f84fc881c5d81300c433fdc68cdba07f6f9f6668ab5028b,PASS
1000,1787375358.569617,300000,2,55b43000c6b1bd2e89192ef38c8e1979e4a71c9a747da820d567f442c33602cc,PASS
1001,1787375359.3515704,300000,2,3337dd2c2300eae7d827d66bd4a391c702c8825ec251491eb56f6d661413d0d4,PASS
1002,1787375360.1394398,300000,2,729a6a08031768465671b4d1b24135e0fa7e1dc27b6d743279caadebdf3c4548,PASS
1003,1787375360.924601,300000,2,dbbaad8a0a13f9d5576764542c8593d7cea74626bbc469ef5a5d8d95a663b4d2,PASS
1004,1787375361.7103257,300000,2,a486ee6a660461ac9b63d104caa27f4058a7dfa985a97593d5164fae9bc4fe9a,PASS
1005,1787375362.4892812,300000,2,2545bd255ffe3d0e7cc736e96170fb06629021e52395cafdd831e09efe046965,PASS
1006,1787375363.27341,300000,2,b523c9cff383ff34db3f5c622c93d638f9546fcfc0abe6ab355b81fe4868a4f2,PASS
1007,1787375364.057386,300000,2,b79b7d1360c4ad1d62f97baf729237865b57c38a6bf41009b22b7444866c8b6d,PASS
1008,1787375364.86401,300000,2,e2f6f9038f2bab0af3782c550897b72fb751193e0cbeb488723e4895e8b191b3,PASS
1009,1787375365.6534386,300000,2,69f7b46c8637145703290bb674f646bf4bede174903783f7f90d5649eb7cb3be,PASS
1010,1787375366.4562814,300000,2,1a3a3a8635f4b9b30b26aa52393251280ca303f7724b2047689d6e1acbd99b69,PASS
1011,1787375367.2748747,300000,2,2abd9e213a9d6eccccd89a722d2cc47241c5123535f8bc84f3e4f708957d94b4,PASS
1012,1787375368.0745025,300000,2,13535d6361502b5a7e93285243d0668272bcf5665a23c045826835c906406686,PASS
1013,1787375368.8741233,300000,2,83f6b52a6077d8e2e8382abfe291d97ef7d2ee62c58be13309ab48623a2a79d6,PASS
1014,1787375369.6708145,300000,2,ebcf763ae70f35bd96edd00373493de965beea7793572c54bb59e1451ca17c33,PASS
1015,1787375370.4657605,300000,2,a33d5c48da526f824169aa9c1e7359cfe8a0440ec81406b7ab6656a22561fa73,PASS
1016,1787375371.2606199,300000,2,980479acd34321f052a13d4805720abb8e812386cedaeb3064e9bbc83ebff449,PASS
1017,1787375372.0732512,300000,2,f3e3e2908029dcd2b083c8ab9535245d8c770d4a63dcac959fe50c80d5398a5b,PASS
1018,1787375372.8706532,300000,2,120c951ad95752eec3547d99a4b5b5cf189012b54993c1c208281bd0b9a4b88b,PASS
1019,1787375373.6770537,300000,2,e913dac73de77f6b1b3f4b5bcce35f6e355deaf5ab3a511797ef180bf97c692c,PASS
1020,1787375374.4785414,300000,2,cad31000037a504ac03ac418c11fd29e78ac28774a4ac33a011467dff6ef0da8,PASS
1021,1787375375.2738357,300000,2,70742b3f558b40eae3f318b8e2414f66bfd2e6c0a2945cc6bfb2e79ef3012c94,PASS
1022,1787375376.0690024,300000,2,f0e94d6c47aefee011ff2099259f2d85bb374caf06a518567079d1b8b03f2db6,PASS
1023,1787375376.8632598,300000,2,a1ed2707c3ceedc4c2d391b1034b9db31136e7f55b0b6d0d6e8541bbf1a10767,PASS
1024,1787375377.6446064,300000,2,e9949b1dd92a74efd84d1c77f417388572ca3f751b7e6406304792140b4d0b48,PASS
1025,1787375378.4257104,300000,2,c7745c987fdfe9ceb55d0bc3ea777288bb16a12b1e5d679c6bd93e7a2c76a3a1,PASS
1026,1787375379.2055483,300000,2,7047ae96494685050f0df4659bb53ebf3895a84368e5d2c52cc7333d7f5b1b8c,PASS
1027,1787375454.381393,300000,2,24079bf0840efbb6f6738735ac41a13c3e69e5b4f0a601a26a8551c0b477f4d2,PASS
1028,1787375455.1716797,300000,2,0ac0c4358e5073737217f300abc992e8f810c31cfba3ff7327aefe17da8c6bf4,PASS
1029,1787375455.9640088,300000,2,1d71008593b4f5b7960d769800ef312fa542d327da793ac4b9108e156a337142,PASS
1030,1787375456.7697606,300000,2,95ab2579a07b48b2524316a9202aa7851adf65c43c4cc617eca4cb8557648fc8,PASS
1031,1787375457.5660684,300000,2,449d103db30b5bd774c0376e373ac6dc5d5e1f25866b408c1e1dd0668711cf85,PASS
1032,1787375458.374025,300000,2,8e1e3e9677e19775f082f4f4873d63507b4b0f2a4f7c03126562511051f1308e,PASS
1033,1787375459.177022,300000,2,e5882adc58d4e2d6ce5bbfb9be15aebaa703c0fcb57699adad0a540f7ca36e10,PASS
1034,1787375459.980219,300000,2,3f8f350471800f7578737deb88fc9bb6728f07ce010d99719f80aeaf5455964f,PASS
1035,1787375460.784897,300000,2,fd6d7f6cdcf728ab5aad08f0d8a41959f3d74b70839ea62cd2b973df6df63ff6,PASS
1036,1787375461.5780365,300000,2,ec6c68ce9c7880954da91b92941bfe276ae9951a802197693f7c629e62bc0c95,PASS
1037,1787375462.3741963,300000,2,a8d71873b66c4fa22e21cbc26907f2792573345579f58a2043680592a7badc29,PASS
1038,1787375463.1651285,300000,2,14bf29c23701c591a7cd0bfe7ecca54eef48922c36d220a91954867b86f4a772,PASS
1039,1787375463.9658232,300000,2,0929516905c7522def25900d973a807cfe8c39d38d25a7df44a6ab4bb3d55938,PASS
1040,1787375464.7681832,300000,2,6da9f6cb3a0af4eb147561e82860970b3b5371d23c5f26d9d4dcd3af79aaf662,PASS
1041,1787375465.5711255,300000,2,5ac8650385ae9db21f182add8a9013f0a807782261f2d5696d9d70dc20ca188f,PASS
1042,1787375466.3682976,300000,2,96b5dcfaaa6108297243b68e8a70de73df8d7bbc3dc6aefaa047fd5c6ad3675b,PASS
1043,1787375467.168541,300000,2,d6de3d1cae60b7dda7db42434afb32e831712cc0a30d5b2c85d994a040088160,PASS
1044,1787375467.9655454,300000,2,1d6a4511436ae40a777166ab7b6acbba9f4afd7d32ee57f704ee66aea3820133,PASS
1045,1787375468.7624333,300000,2,d7708c4e74acff1d23d871b09232dbea016778a713d324ce239bcddbde62eb86,PASS
1046,1787375469.5606875,300000,2,27746732867623a392fd3f378453612959443b10d798ecd603e3e04cdc01e4cc,PASS
1047,1787375470.3556905,300000,2,6da6cfee1118398ca6e6a8e9bb4b4b03ecfd980a3371e96522f8cd2fe2b11016,PASS
1048,1787375471.1533153,300000,2,f98b6690c3d1e610c6226c1bfd332b13fd8106e516eafe89adbd31bc7547a1d4,PASS
1049,1787375471.9495003,300000,2,c054eeca842760cf0bd7f1950141865558fb81b8a27651c488a152a288365c08,PASS
1050,1787375472.7517276,300000,2,5c2fd23118bd76fa08bba81135643ee2461bd91a95b97ec7060d3e4e7c94a424,PASS
1051,1787375473.5600262,300000,2,ef00fc2315851ef5708d0839613f07aa891205d977b25b1f2a14f2df045ba7f0,PASS
1052,1787375474.3605256,300000,2,540b8919f73ab1cf7f7a6b452ba1314081825255b574e7d84741daad6d35d359,PASS
1053,1787375475.163888,300000,2,77ddc313dd94c37f2079876f523bb99d3be435c17f996e506c1ea91d663ad574,PASS
1054,1787375475.965643,300000,2,014a51f0745098a314099ea565085e8ad83873ea92e31e6ba0e9db600d87b875,PASS
1055,1787375476.7658076,300000,2,18126c77b9d64d31607f68cd65ff230224b0a2b19e07e3d309ea93eee3d5e0f2,PASS
1056,1787375477.5762327,300000,2,e8c5d6aa24a7fbf1a6d41aa2420a1b79c6b9f918ea834f1abb5fae0d101bceef,PASS
1057,1787375478.3842309,300000,2,a504880f4b6edf26ab6563cb667bd5f68dd9ca27d0a99961215f4afb612383cd,PASS
1058,1787375479.1953173,300000,2,1f3bed215bd05e09061ec08bae0360e1df4c4766e3592286377e30d5b3bb7f85,PASS
1059,1787375480.0057688,300000,2,4235fd37193ba6737a00e98e8ae106c2ed66ccde1a1373e8b73c0fba9e7e16e4,PASS
1060,1787375480.8180573,300000,2,2084be3d06adbb1744c0e261ceebca5d681de6cb79b2a296126dffe8452c92cb,PASS
1061,1787375481.6261837,300000,2,d2ee39a7a4fbb7905a888c8a145eac8c37ab22b188bb5f0192c0ae7bfe4edd0f,PASS
1062,1787375482.430456,300000,2,1221f7f7618cf91c8c947678f1a54b01c2012f1a63adcb8b2561d933d6ee656c,PASS
1063,1787375483.226114,300000,2,897d0f6bb2bad6d6fa172aecf9160a5b1fd3d58d9384ef884c77a57ed513e600,PASS
1064,1787375484.0168605,300000,2,5e18d51794a3d02a6da68d6eeb6db733d883606b110d1e122fcb8adbbab43dc4,PASS
1065,1787375484.8175683,300000,2,8e6aaf19b55cb9308b13404c25bdd0145c3252f41d6bd36a0480ea1abc4a1903,PASS
1066,1787375485.6105895,300000,2,0edbd0e93664d76b7a4e79703881483fd6da1801f3513761e93c1334e1c8705f,PASS
1067,1787375486.409137,300000,2,d377c99cf9bb350ef3af28280c5de4016925ab1e916890f469d6e153398c0461,PASS
1068,1787375487.2083824,300000,2,8a65fbd95fdacec5180465ea950e4e66d248abbd97c9c566fffb59914e6a1a73,PASS
1069,1787375488.0082493,300000,2,025542a198c33e58be0566cdf8f14a4166c017e07795c76ee782efb7634ca421,PASS
1070,1787375488.802321,300000,2,c658dc20e3d5b28476d74be7b824fb6547da940bc27c17991a620e9ed5d9827e,PASS
1071,1787375489.5961754,300000,2,9db65109311453643dc539d7fd569775f201f3416bf6aba9ebf64875ef029781,PASS
1072,1787375490.39988,300000,2,ef9af050593ede820d84110e6085aa16b8d4841fa0480778dfd2f54494a48e55,PASS
1073,1787375491.2033737,300000,2,b9c0a54ce0f710b86401b05dc355eb4ed25735cd15ff046a934ab65bc97f2a34,PASS
1074,1787375491.984106,300000,2,bdf7cca5d999adc3cdc51f12a20d4e6f1fd4b02138f3e39176577afbb93f1fe7,PASS
1075,1787375492.7744458,300000,2,5f46a430aa72b5553b3f6fc6ae7641b4e00ebde7e492aaeddfe5d6d1ced49cba,PASS
1076,1787375493.5633612,300000,2,c7993d6321f62115fe541c0159ac137c417dc6ae13882a942a0854e1563b3db8,PASS
1077,1787375494.3490176,300000,2,236fafbefa9d81db73d94452f310a42939d271bbcae1aeca0c5815292b597cae,PASS
1078,1787375495.1357677,300000,2,15158a554df0da16ed8ae301f7210b9fec71d41ea321998611c3870e5114f7e9,PASS
